Source,Source File,Link Text,href,Type,Status,Notes
Component: Header,src/components/Header.astro,[Book Appointment – top bar],/book,INTERNAL,✅ OK,
Component: Header,src/components/Header.astro,[Phone – top bar],tel:+13063747272,PHONE,✅ OK,
Component: Header,src/components/Header.astro,[Home logo link],/,INTERNAL,✅ OK,
Component: Header,src/components/Header.astro,About Wildwood (dropdown header),/about/our-clinic,INTERNAL,✅ OK,
Component: Header,src/components/Header.astro,Our Doctors,/about/our-team,INTERNAL,✅ OK,
Component: Header,src/components/Header.astro,Careers,/about/careers,INTERNAL,✅ OK,
Component: Header,src/components/Header.astro,Blog,/blog,INTERNAL,✅ OK,
Component: Header,src/components/Header.astro,New Patients (dropdown header),/new-patients,INTERNAL,✅ OK,
Component: Header,src/components/Header.astro,What to Expect,/new-patients/what-to-expect,INTERNAL,✅ OK,
Component: Header,src/components/Header.astro,Patient Forms,/new-patients/forms,INTERNAL,✅ OK,
Component: Header,src/components/Header.astro,Insurance & Payment,/new-patients/insurance-payment,INTERNAL,✅ OK,
Component: Header,src/components/Header.astro,FAQs,/faq,INTERNAL,✅ OK,
Component: Header,src/components/Header.astro,Existing Patients (dropdown header),/existing-patients,INTERNAL,✅ OK,
Component: Header,src/components/Header.astro,Post-Visit Instructions,/existing-patients/post-visit,INTERNAL,✅ OK,
Component: Header,src/components/Header.astro,Contact Us,/contact,INTERNAL,✅ OK,
Component: Header,src/components/Header.astro,Book Appointment (nav button),/book,INTERNAL,✅ OK,
Component: Header,src/components/Header.astro,Emergency Services (category),/services/emergency,INTERNAL,✅ OK,
Component: Header,src/components/Header.astro,Emergency Appointments,/services/emergency/appointments,INTERNAL,✅ OK,
Component: Header,src/components/Header.astro,Same-Day Urgent Care,/services/emergency/same-day,INTERNAL,✅ OK,
Component: Header,src/components/Header.astro,Toothache Relief,/services/emergency/toothache,INTERNAL,✅ OK,
Component: Header,src/components/Header.astro,Broken or Chipped Tooth,/services/emergency/broken-tooth,INTERNAL,✅ OK,
Component: Header,src/components/Header.astro,Knocked-Out Tooth,/services/emergency/knocked-out-tooth,INTERNAL,✅ OK,
Component: Header,src/components/Header.astro,Children's Dentistry (category),/services/childrens,INTERNAL,✅ OK,
Component: Header,src/components/Header.astro,Exams & Cleanings,/services/childrens/exams-cleanings,INTERNAL,✅ OK,
Component: Header,src/components/Header.astro,Infant Oral Care,/services/childrens/infant-oral-care,INTERNAL,✅ OK,
Component: Header,src/components/Header.astro,Comfort Techniques,/services/childrens/comfort,INTERNAL,✅ OK,
Component: Header,src/components/Header.astro,Fluoride Treatments (childrens),/services/childrens/fluoride,INTERNAL,✅ OK,
Component: Header,src/components/Header.astro,Dental Sealants (childrens),/services/childrens/sealants,INTERNAL,✅ OK,
Component: Header,src/components/Header.astro,X-Rays & Imaging (childrens),/services/childrens/x-rays,INTERNAL,✅ OK,
Component: Header,src/components/Header.astro,Frenectomies,/services/childrens/frenectomies,INTERNAL,✅ OK,
Component: Header,src/components/Header.astro,Space Maintainers,/services/childrens/space-maintainers,INTERNAL,✅ OK,
Component: Header,src/components/Header.astro,Preventive Dentistry (category),/services/preventive,INTERNAL,✅ OK,
Component: Header,src/components/Header.astro,Cleanings & Exams,/services/preventive/cleanings-exams,INTERNAL,✅ OK,
Component: Header,src/components/Header.astro,Fluoride Treatments (preventive),/services/preventive/fluoride,INTERNAL,✅ OK,
Component: Header,src/components/Header.astro,Dental Sealants (preventive),/services/preventive/sealants,INTERNAL,✅ OK,
Component: Header,src/components/Header.astro,Mouthguards & Sport Guards,/services/preventive/guards,INTERNAL,✅ OK,
Component: Header,src/components/Header.astro,Diet & Oral Health,/services/preventive/nutrition,INTERNAL,✅ OK,
Component: Header,src/components/Header.astro,Comfort Techniques (preventive),/services/preventive/comfort,INTERNAL,✅ OK,
Component: Header,src/components/Header.astro,Diagnostic Services (category),/services/diagnostic,INTERNAL,✅ OK,
Component: Header,src/components/Header.astro,X-Rays & 3D Imaging,/services/diagnostic/x-rays,INTERNAL,✅ OK,
Component: Header,src/components/Header.astro,Diagnostic Images & Digital X-Rays,/services/diagnostic/diagnostic-images,INTERNAL,✅ OK,
Component: Header,src/components/Header.astro,Intraoral Cameras,/services/diagnostic/intraoral-cameras,INTERNAL,✅ OK,
Component: Header,src/components/Header.astro,CBCT Scans,/services/diagnostic/cbct,INTERNAL,✅ OK,
Component: Header,src/components/Header.astro,Oral Cancer Screening,/services/diagnostic/oral-cancer-screening,INTERNAL,✅ OK,
Component: Header,src/components/Header.astro,Restorative (category),/services/restorative,INTERNAL,✅ OK,
Component: Header,src/components/Header.astro,Tooth-Colored Fillings,/services/restorative/fillings,INTERNAL,✅ OK,
Component: Header,src/components/Header.astro,Crowns & Bridges,/services/restorative/crowns-bridges,INTERNAL,✅ OK,
Component: Header,src/components/Header.astro,Inlays & Onlays,/services/restorative/inlays-onlays,INTERNAL,✅ OK,
Component: Header,src/components/Header.astro,Dentures,/services/restorative/dentures,INTERNAL,✅ OK,
Component: Header,src/components/Header.astro,Oral Surgery (category),/services/oral-surgery,INTERNAL,✅ OK,
Component: Header,src/components/Header.astro,Dental Implants,/services/oral-surgery/implants,INTERNAL,✅ OK,
Component: Header,src/components/Header.astro,Wisdom Tooth Extraction,/services/oral-surgery/wisdom-teeth,INTERNAL,✅ OK,
Component: Header,src/components/Header.astro,Tooth Extractions,/services/oral-surgery/extractions,INTERNAL,✅ OK,
Component: Header,src/components/Header.astro,Orthodontics (category),/services/orthodontics,INTERNAL,✅ OK,
Component: Header,src/components/Header.astro,Invisalign® Clear Aligners (ortho),/services/orthodontics/invisalign,INTERNAL,✅ OK,
Component: Header,src/components/Header.astro,TMJ & Jaw (category),/services/tmj,INTERNAL,✅ OK,
Component: Header,src/components/Header.astro,TMJ Diagnosis,/services/tmj/diagnosis,INTERNAL,✅ OK,
Component: Header,src/components/Header.astro,Botulinum Toxin for Jaw Pain,/services/tmj/botox,INTERNAL,✅ OK,
Component: Header,src/components/Header.astro,Night Guards (tmj),/services/tmj/night-guards,INTERNAL,✅ OK,
Component: Header,src/components/Header.astro,Bite Correction,/services/tmj/bite-correction,INTERNAL,✅ OK,
Component: Header,src/components/Header.astro,Sleep Apnea Devices,/services/tmj/sleep-apnea,INTERNAL,✅ OK,
Component: Header,src/components/Header.astro,Cosmetic Dentistry (category),/services/cosmetic,INTERNAL,✅ OK,
Component: Header,src/components/Header.astro,Teeth Whitening,/services/cosmetic/whitening,INTERNAL,✅ OK,
Component: Header,src/components/Header.astro,Porcelain Veneers,/services/cosmetic/veneers,INTERNAL,✅ OK,
Component: Header,src/components/Header.astro,Dental Bonding,/services/cosmetic/bonding,INTERNAL,✅ OK,
Component: Header,src/components/Header.astro,Smile Makeovers,/services/cosmetic/smile-makeovers,INTERNAL,✅ OK,
Component: Header,src/components/Header.astro,Invisalign® Clear Aligners (cosmetic),/services/orthodontics/invisalign,INTERNAL,✅ OK,
Component: Header,src/components/Header.astro,Gum Contouring (cosmetic),/services/periodontal/gum-contouring,INTERNAL,✅ OK,
Component: Header,src/components/Header.astro,Periodontal Care (category),/services/periodontal,INTERNAL,✅ OK,
Component: Header,src/components/Header.astro,Gum Disease Treatment,/services/periodontal/gum-disease,INTERNAL,✅ OK,
Component: Header,src/components/Header.astro,Scaling & Root Planing,/services/periodontal/scaling-root-planing,INTERNAL,✅ OK,
Component: Header,src/components/Header.astro,Gum Contouring (periodontal),/services/periodontal/gum-contouring,INTERNAL,✅ OK,
Component: Header,src/components/Header.astro,Endodontic Services (category),/services/endodontics,INTERNAL,✅ OK,
Component: Header,src/components/Header.astro,Root Canal Treatment,/services/endodontics/root-canal,INTERNAL,✅ OK,
Component: Header,src/components/Header.astro,Cracked Tooth,/services/endodontics/cracked-tooth,INTERNAL,✅ OK,
Component: Header,src/components/Header.astro,Traumatic Dental Injuries,/services/endodontics/traumatic-injuries,INTERNAL,✅ OK,
Component: Header,src/components/Header.astro,Internal Bleaching,/services/endodontics/internal-bleaching,INTERNAL,✅ OK,
Component: Header,src/components/Header.astro,View all services →,/services,INTERNAL,✅ OK,
Component: Header,src/components/Header.astro,Request an appointment (megamenu),/book,INTERNAL,✅ OK,
Component: Header,src/components/Header.astro,[Phone – mobile],tel:+13063747272,PHONE,✅ OK,
Component: Header,src/components/Header.astro,Request Appointment (mobile button),/book,INTERNAL,✅ OK,
Component: Footer,src/components/Footer.astro,Emergency Services,/services/emergency,INTERNAL,✅ OK,
Component: Footer,src/components/Footer.astro,Family Dentistry,/services/preventive,INTERNAL,✅ OK,
Component: Footer,src/components/Footer.astro,Cosmetic Dentistry,/services/cosmetic,INTERNAL,✅ OK,
Component: Footer,src/components/Footer.astro,Children's Dentistry,/services/childrens,INTERNAL,✅ OK,
Component: Footer,src/components/Footer.astro,All Services →,/services,INTERNAL,✅ OK,
Component: Footer,src/components/Footer.astro,About Us,/about,INTERNAL,✅ OK,
Component: Footer,src/components/Footer.astro,New Patients,/new-patients,INTERNAL,✅ OK,
Component: Footer,src/components/Footer.astro,Patient Forms,/new-patients/forms,INTERNAL,✅ OK,
Component: Footer,src/components/Footer.astro,Insurance & Payment,/new-patients/insurance-payment,INTERNAL,✅ OK,
Component: Footer,src/components/Footer.astro,Contact Us,/contact,INTERNAL,✅ OK,
Component: Footer,src/components/Footer.astro,Careers,/about/careers,INTERNAL,✅ OK,
Component: Footer,src/components/Footer.astro,FAQs,/faq,INTERNAL,✅ OK,
Component: Footer,src/components/Footer.astro,Blog,/blog,INTERNAL,✅ OK,
Component: Footer,src/components/Footer.astro,Wildwood Dental Clinic on Facebook,https://www.facebook.com/WildwoodDentalClinic,EXTERNAL,⚠️ EXTERNAL – VERIFY,
Component: Footer,src/components/Footer.astro,Wildwood Dental Clinic on Instagram,https://www.instagram.com/wildwooddentalclinic.sask/,EXTERNAL,⚠️ EXTERNAL – VERIFY,
Component: Footer,src/components/Footer.astro,Wildwood Dental Clinic Google Business Profile,https://share.google/tBUCH3KsjPqnNPytZ,EXTERNAL,⚠️ EXTERNAL – VERIFY,
Component: Footer,src/components/Footer.astro,[Home logo],/,INTERNAL,✅ OK,
Component: Footer,src/components/Footer.astro,Privacy Policy,/privacy,INTERNAL,✅ OK,
Component: Footer,src/components/Footer.astro,Terms of Use,/terms,INTERNAL,✅ OK,
/404,src/pages/404.astro,"Services Browse preventive, restorative, cosmetic, and surgical care.",/services,INTERNAL,✅ OK,
/404,src/pages/404.astro,Book a visit Request a new-patient appointment online.,/patients/book,INTERNAL,🔴 BROKEN – NO PAGE,
/404,src/pages/404.astro,"Contact Phone, email, and directions to the clinic.",/contact,INTERNAL,✅ OK,
/404,src/pages/404.astro,Back to homepage,/,INTERNAL,✅ OK,
/about/careers,src/pages/about/careers.astro,View Open Opportunities,https://www.canadiandentalservices.ca/join-our-team/,EXTERNAL,⚠️ EXTERNAL – VERIFY,
/about/careers,src/pages/about/careers.astro,Send Your Resume,mailto:careers@cdscorp.ca,EMAIL,✅ OK,
/about/careers,src/pages/about/careers.astro,www.canadiandentalservices.ca/join-our-team/,https://www.canadiandentalservices.ca/join-our-team/,EXTERNAL,⚠️ EXTERNAL – VERIFY,
/about/careers,src/pages/about/careers.astro,careers@cdscorp.ca,mailto:careers@cdscorp.ca,EMAIL,✅ OK,
/about/careers,src/pages/about/careers.astro,See All Open Opportunities,https://www.canadiandentalservices.ca/careers/#OPEN-OPPORTUNITIES,EXTERNAL,⚠️ EXTERNAL – VERIFY,
/about/careers,src/pages/about/careers.astro,306.374.7272,tel:3063747272,PHONE,✅ OK,
/about/our-clinic,src/pages/about/our-clinic.astro,Home,/,INTERNAL,✅ OK,
/about/our-clinic,src/pages/about/our-clinic.astro,Request an Appointment,/patients/book,INTERNAL,🔴 BROKEN – NO PAGE,
/about/our-clinic,src/pages/about/our-clinic.astro,Get in Touch,/contact,INTERNAL,✅ OK,
/about/our-clinic,src/pages/about/our-clinic.astro,Get Directions,https://maps.google.com/?q=105-1526+8th+Street+East+Saskatoon+SK,EXTERNAL,⚠️ EXTERNAL – VERIFY,
/about/our-clinic,src/pages/about/our-clinic.astro,Request Appointment,/patients/book,INTERNAL,🔴 BROKEN – NO PAGE,
/about/our-clinic,src/pages/about/our-clinic.astro,306.374.7272,tel:+13063747272,PHONE,✅ OK,
/about/our-clinic,src/pages/about/our-clinic.astro,Contact Us →,/contact,INTERNAL,✅ OK,
/about/our-clinic,src/pages/about/our-clinic.astro,Contact Us,/contact,INTERNAL,✅ OK,
/about/our-clinic,src/pages/about/our-clinic.astro,{item.name},{item.href},DYNAMIC,⚠️ DYNAMIC – SEE NAV DATA,Dynamic href – resolved via data array
/about/our-clinic,src/pages/about/our-clinic.astro,{section.cta} →,{section.href},DYNAMIC,⚠️ DYNAMIC – SEE NAV DATA,Dynamic href – resolved via data array
/about/our-team,src/pages/about/our-team.astro,Home,/,INTERNAL,✅ OK,
/about/our-team,src/pages/about/our-team.astro,About,/about/our-clinic,INTERNAL,✅ OK,
/about/our-team,src/pages/about/our-team.astro,Request Appointment,/book,INTERNAL,✅ OK,
/about/our-team,src/pages/about/our-team.astro,306.374.7272,tel:+13063747272,PHONE,✅ OK,
/about/our-team,src/pages/about/our-team.astro,Request an Appointment,/book,INTERNAL,✅ OK,
/about/our-team,src/pages/about/our-team.astro,Contact Us,/contact,INTERNAL,✅ OK,
/about/our-team,src/pages/about/our-team.astro,{item.name},{item.href},DYNAMIC,⚠️ DYNAMIC – SEE NAV DATA,Dynamic href – resolved via data array
/blog,src/pages/blog/index.astro,Home,/,INTERNAL,✅ OK,
/blog,src/pages/blog/index.astro,View All Articles,/blog,INTERNAL,✅ OK,
/blog,src/pages/blog/index.astro,Follow Us on Instagram,https://www.instagram.com/wildwooddentalclinic.sask/,EXTERNAL,⚠️ EXTERNAL – VERIFY,
/blog,src/pages/blog/index.astro,306.374.7272,tel:+13063747272,PHONE,✅ OK,
/blog,src/pages/blog/index.astro,Request an Appointment,/book,INTERNAL,✅ OK,
/blog,src/pages/blog/index.astro,Contact Us,/contact,INTERNAL,✅ OK,
/blog,src/pages/blog/index.astro,Read Article,{featuredNews.href},DYNAMIC,⚠️ DYNAMIC – SEE NAV DATA,Dynamic href – resolved via data array
/blog,src/pages/blog/index.astro,Read Article,{article.href},DYNAMIC,⚠️ DYNAMIC – SEE NAV DATA,Dynamic href – resolved via data array
/blog/tips-for-choosing-the-right-family-dental-clinic,src/pages/blog/tips-for-choosing-the-right-family-dental-clinic.astro,306.374.7272,tel:+13063747272,PHONE,✅ OK,
/blog/what-to-expect-at-your-teeth-cleaning,src/pages/blog/what-to-expect-at-your-teeth-cleaning.astro,306.374.7272,tel:+13063747272,PHONE,✅ OK,
/blog/why-restore-a-broken-tooth,src/pages/blog/why-restore-a-broken-tooth.astro,306.374.7272,tel:+13063747272,PHONE,✅ OK,
/book,src/pages/book.astro,Home,/,INTERNAL,✅ OK,
/book,src/pages/book.astro,Prefer to call? 306.374.7272,tel:+13063747272,PHONE,✅ OK,
/book,src/pages/book.astro,306.374.7272,tel:+13063747272,PHONE,✅ OK,
/book,src/pages/book.astro,Get Directions,https://maps.google.com/?q=105-1526+8th+Street+East+Saskatoon+SK,EXTERNAL,⚠️ EXTERNAL – VERIFY,
/book,src/pages/book.astro,Call 306.374.7272,tel:+13063747272,PHONE,✅ OK,
/cdcp,src/pages/cdcp.astro,Home,/,INTERNAL,✅ OK,
/cdcp,src/pages/cdcp.astro,Learn more on the Government of Canada website,https://www.canada.ca/en/services/benefits/dental/dental-care-plan.html,EXTERNAL,⚠️ EXTERNAL – VERIFY,
/cdcp,src/pages/cdcp.astro,Check Eligibility Details,https://www.canada.ca/en/services/benefits/dental/dental-care-plan/qualify.html,EXTERNAL,⚠️ EXTERNAL – VERIFY,
/cdcp,src/pages/cdcp.astro,Apply Through the Government of Canada,https://www.canada.ca/en/services/benefits/dental/dental-care-plan/apply.html,EXTERNAL,⚠️ EXTERNAL – VERIFY,
/cdcp,src/pages/cdcp.astro,CDCP Overview Learn more about the plan. →,https://www.canada.ca/en/services/benefits/dental/dental-care-plan.html,EXTERNAL,⚠️ EXTERNAL – VERIFY,
/cdcp,src/pages/cdcp.astro,Eligibility Details See if you qualify. →,https://www.canada.ca/en/services/benefits/dental/dental-care-plan/qualify.html,EXTERNAL,⚠️ EXTERNAL – VERIFY,
/cdcp,src/pages/cdcp.astro,Book an Appointment,/book,INTERNAL,✅ OK,
/contact,src/pages/contact.astro,Home,/,INTERNAL,✅ OK,
/contact,src/pages/contact.astro,306.374.7272,tel:+13063747272,PHONE,✅ OK,
/contact,src/pages/contact.astro,reception@wildwooddentalclinic.com,mailto:reception@wildwooddentalclinic.com,EMAIL,✅ OK,
/contact,src/pages/contact.astro,"105 – 1526 8th Street East Saskatoon, SK",https://maps.app.goo.gl/AnBTQPRQ86JRw9T89,EXTERNAL,⚠️ EXTERNAL – VERIFY,
/contact,src/pages/contact.astro,Get Directions →,https://maps.google.com/?q=105-1526+8th+Street+East+Saskatoon+SK,EXTERNAL,⚠️ EXTERNAL – VERIFY,
/contact,src/pages/contact.astro,"Call Now, 306.374.7272",tel:+13063747272,PHONE,✅ OK,
/contact,src/pages/contact.astro,(no text),https://www.facebook.com/WildwoodDentalClinic,EXTERNAL,⚠️ EXTERNAL – VERIFY,
/contact,src/pages/contact.astro,(no text),https://www.instagram.com/wildwooddentalclinic,EXTERNAL,⚠️ EXTERNAL – VERIFY,
/contact,src/pages/contact.astro,Request an Appointment,/patients/book,INTERNAL,🔴 BROKEN – NO PAGE,
/existing-patients,src/pages/existing-patients/index.astro,Home,/,INTERNAL,✅ OK,
/existing-patients,src/pages/existing-patients/index.astro,306.374.7272,tel:+13063747272,PHONE,✅ OK,
/existing-patients,src/pages/existing-patients/index.astro,Book a Recall,/book,INTERNAL,✅ OK,
/existing-patients,src/pages/existing-patients/index.astro,Call 306.374.7272,tel:+13063747272,PHONE,✅ OK,
/existing-patients,src/pages/existing-patients/index.astro,View Instructions,/existing-patients/post-visit,INTERNAL,✅ OK,
/existing-patients,src/pages/existing-patients/index.astro,Request Appointment,/book,INTERNAL,✅ OK,
/existing-patients,src/pages/existing-patients/index.astro,Contact Us,/contact,INTERNAL,✅ OK,
/existing-patients,src/pages/existing-patients/index.astro,{link.cta},{link.href},DYNAMIC,⚠️ DYNAMIC – SEE NAV DATA,Dynamic href – resolved via data array
/existing-patients/post-visit,src/pages/existing-patients/post-visit.astro,Home,/,INTERNAL,✅ OK,
/existing-patients/post-visit,src/pages/existing-patients/post-visit.astro,Existing Patients,/existing-patients,INTERNAL,✅ OK,
/existing-patients/post-visit,src/pages/existing-patients/post-visit.astro,306.374.7272,tel:+13063747272,PHONE,✅ OK,
/existing-patients/post-visit,src/pages/existing-patients/post-visit.astro,Call 306.374.7272,tel:+13063747272,PHONE,✅ OK,
/existing-patients/post-visit,src/pages/existing-patients/post-visit.astro,Send a Message,/contact,INTERNAL,✅ OK,
/existing-patients/post-visit,src/pages/existing-patients/post-visit.astro,Request Appointment,/book,INTERNAL,✅ OK,
/existing-patients/post-visit,src/pages/existing-patients/post-visit.astro,{section.title},{`#${section.id},DYNAMIC,⚠️ DYNAMIC – SEE NAV DATA,Dynamic href – resolved via data array
/existing-patients/post-visit,src/pages/existing-patients/post-visit.astro,{item.name},{item.href},DYNAMIC,⚠️ DYNAMIC – SEE NAV DATA,Dynamic href – resolved via data array
/faq,src/pages/faq.astro,Home,/,INTERNAL,✅ OK,
/faq,src/pages/faq.astro,reception@wildwooddentalclinic.com,mailto:reception@wildwooddentalclinic.com,EMAIL,✅ OK,
/faq,src/pages/faq.astro,Request Appointment,/book,INTERNAL,✅ OK,
/faq,src/pages/faq.astro,{cat.name},{cat.href},DYNAMIC,⚠️ DYNAMIC – SEE NAV DATA,Dynamic href – resolved via data array
/,src/pages/index.astro,Request Appointment,/book,INTERNAL,✅ OK,
/,src/pages/index.astro,306.374.7272,tel:+13063747272,PHONE,✅ OK,
/,src/pages/index.astro,View our Google Business Profile,https://g.page/r/Cc8z78qpsflVEBE/review,EXTERNAL,⚠️ EXTERNAL – VERIFY,
/,src/pages/index.astro,Learn More →,/cdcp,INTERNAL,✅ OK,
/,src/pages/index.astro,Find Us on Maps,"https://www.google.com/maps/dir/?api=1&destination=105+-+1526+8th+Street+East,+Saskatoon,+SK+S7H+0T3",EXTERNAL,⚠️ EXTERNAL – VERIFY,
/,src/pages/index.astro,Hours of Operation,#our-office,PAGE-ANCHOR,✅ OK – PAGE ANCHOR,
/,src/pages/index.astro,Learn More →,/about/our-clinic,INTERNAL,✅ OK,
/,src/pages/index.astro,Meet the Team →,/about/our-team,INTERNAL,✅ OK,
/,src/pages/index.astro,Read Our Blog →,/blog,INTERNAL,✅ OK,
/,src/pages/index.astro,Learn About Invisalign →,/services/orthodontics/invisalign,INTERNAL,✅ OK,
/,src/pages/index.astro,Book a Consultation →,/services/orthodontics/invisalign#consultation-form,INTERNAL,✅ OK,
/,src/pages/index.astro,Get Started →,/new-patients,INTERNAL,✅ OK,
/,src/pages/index.astro,Update Your Form →,/existing-patients,INTERNAL,✅ OK,
/,src/pages/index.astro,Learn More →,/new-patients/insurance-payment,INTERNAL,✅ OK,
/,src/pages/index.astro,"{svc.title} {svc.description} {svc.items.slice(0, 3).map(item => ( {item} ))} Learn More",{svc.href},DYNAMIC,⚠️ DYNAMIC – SEE NAV DATA,Dynamic href – resolved via data array
/new-patients/forms,src/pages/new-patients/forms.astro,Home,/,INTERNAL,✅ OK,
/new-patients/forms,src/pages/new-patients/forms.astro,New Patients,/new-patients,INTERNAL,✅ OK,
/new-patients/forms,src/pages/new-patients/forms.astro,Existing Patients,/existing-patients,INTERNAL,✅ OK,
/new-patients/forms,src/pages/new-patients/forms.astro,Call 306.374.7272,tel:+13063747272,PHONE,✅ OK,
/new-patients/forms,src/pages/new-patients/forms.astro,Contact Us,/contact,INTERNAL,✅ OK,
/new-patients/forms,src/pages/new-patients/forms.astro,Request Appointment,/book,INTERNAL,✅ OK,
/new-patients/forms,src/pages/new-patients/forms.astro,306.374.7272,tel:+13063747272,PHONE,✅ OK,
/new-patients/forms,src/pages/new-patients/forms.astro,Request an Appointment,/book,INTERNAL,✅ OK,
/new-patients/forms,src/pages/new-patients/forms.astro,{item.name},{item.href},DYNAMIC,⚠️ DYNAMIC – SEE NAV DATA,Dynamic href – resolved via data array
/new-patients,src/pages/new-patients/index.astro,Home,/,INTERNAL,✅ OK,
/new-patients,src/pages/new-patients/index.astro,Request Appointment,/book,INTERNAL,✅ OK,
/new-patients,src/pages/new-patients/index.astro,Call 306.374.7272,tel:+13063747272,PHONE,✅ OK,
/new-patients,src/pages/new-patients/index.astro,Complete New Patient Form,https://hipaa.jotform.com/202455192978263,EXTERNAL,⚠️ EXTERNAL – VERIFY,
/new-patients,src/pages/new-patients/index.astro,Update Health History,https://hipaa.jotform.com/202455704377255,EXTERNAL,⚠️ EXTERNAL – VERIFY,
/new-patients,src/pages/new-patients/index.astro,306.374.7272,tel:+13063747272,PHONE,✅ OK,
/new-patients,src/pages/new-patients/index.astro,Learn More,https://www.canada.ca/en/services/benefits/dental/dental-care-plan.html,EXTERNAL,⚠️ EXTERNAL – VERIFY,
/new-patients,src/pages/new-patients/index.astro,Learn About Financing,/new-patients/lendcare,INTERNAL,✅ OK,
/new-patients,src/pages/new-patients/index.astro,Call Us,tel:+13063747272,PHONE,✅ OK,
/new-patients/insurance-payment,src/pages/new-patients/insurance-payment.astro,Home,/,INTERNAL,✅ OK,
/new-patients/insurance-payment,src/pages/new-patients/insurance-payment.astro,New Patients,/new-patients,INTERNAL,✅ OK,
/new-patients/insurance-payment,src/pages/new-patients/insurance-payment.astro,Apply on the Government of Canada Website →,https://www.canada.ca/en/services/benefits/dental/dental-care-plan/apply.html,EXTERNAL,⚠️ EXTERNAL – VERIFY,
/new-patients/insurance-payment,src/pages/new-patients/insurance-payment.astro,CDCP Overview,/cdcp,INTERNAL,✅ OK,
/new-patients/insurance-payment,src/pages/new-patients/insurance-payment.astro,Eligibility Details,https://www.canada.ca/en/services/benefits/dental/dental-care-plan/qualify.html,EXTERNAL,⚠️ EXTERNAL – VERIFY,
/new-patients/insurance-payment,src/pages/new-patients/insurance-payment.astro,306.374.7272,tel:+13063747272,PHONE,✅ OK,
/new-patients/insurance-payment,src/pages/new-patients/insurance-payment.astro,Apply for LendCare Financing →,https://applicant.myfrontline.app/?applicationId=20260305-FBUR&accessKey=c97813aa-e9c7-49c3-a837-ede5057c6cc6,EXTERNAL,⚠️ EXTERNAL – VERIFY,
/new-patients/insurance-payment,src/pages/new-patients/insurance-payment.astro,LendCare/Financing FAQ's,/new-patients/lendcare,INTERNAL,✅ OK,
/new-patients/insurance-payment,src/pages/new-patients/insurance-payment.astro,Request Appointment,/book,INTERNAL,✅ OK,
/new-patients/insurance-payment,src/pages/new-patients/insurance-payment.astro,Request an Appointment,/book,INTERNAL,✅ OK,
/new-patients/insurance-payment,src/pages/new-patients/insurance-payment.astro,Contact Us,/contact,INTERNAL,✅ OK,
/new-patients/insurance-payment,src/pages/new-patients/insurance-payment.astro,{item.name},{item.href},DYNAMIC,⚠️ DYNAMIC – SEE NAV DATA,Dynamic href – resolved via data array
/new-patients/lendcare,src/pages/new-patients/lendcare.astro,Apply with LendCare,https://applicant.myfrontline.app/LendCare/3HNXQ6HZ5AV3,EXTERNAL,⚠️ EXTERNAL – VERIFY,
/new-patients/lendcare,src/pages/new-patients/lendcare.astro,306.374.7272,tel:+13063747272,PHONE,✅ OK,
/new-patients/what-to-expect,src/pages/new-patients/what-to-expect.astro,Home,/,INTERNAL,✅ OK,
/new-patients/what-to-expect,src/pages/new-patients/what-to-expect.astro,New Patients,/new-patients,INTERNAL,✅ OK,
/new-patients/what-to-expect,src/pages/new-patients/what-to-expect.astro,Request Appointment,/book,INTERNAL,✅ OK,
/new-patients/what-to-expect,src/pages/new-patients/what-to-expect.astro,306.374.7272,tel:+13063747272,PHONE,✅ OK,
/new-patients/what-to-expect,src/pages/new-patients/what-to-expect.astro,Request an Appointment,/book,INTERNAL,✅ OK,
/new-patients/what-to-expect,src/pages/new-patients/what-to-expect.astro,Contact Us,/contact,INTERNAL,✅ OK,
/new-patients/what-to-expect,src/pages/new-patients/what-to-expect.astro,{item.name},{item.href},DYNAMIC,⚠️ DYNAMIC – SEE NAV DATA,Dynamic href – resolved via data array
/news/new-website-launch,src/pages/news/new-website-launch.astro,306.374.7272,tel:+13063747272,PHONE,✅ OK,
/privacy,src/pages/privacy.astro,Home,/,INTERNAL,✅ OK,
/privacy,src/pages/privacy.astro,reception@wildwooddentalclinic.com,mailto:reception@wildwooddentalclinic.com,EMAIL,✅ OK,
/privacy,src/pages/privacy.astro,306.374.7272,tel:+13063747272,PHONE,✅ OK,
/services/childrens/comfort,src/pages/services/childrens/comfort.astro,Home,/,INTERNAL,✅ OK,
/services/childrens/comfort,src/pages/services/childrens/comfort.astro,Services,/services,INTERNAL,✅ OK,
/services/childrens/comfort,src/pages/services/childrens/comfort.astro,Children's Dentistry,/services/childrens,INTERNAL,✅ OK,
/services/childrens/comfort,src/pages/services/childrens/comfort.astro,Request Appointment,/book,INTERNAL,✅ OK,
/services/childrens/comfort,src/pages/services/childrens/comfort.astro,306.374.7272,tel:+13063747272,PHONE,✅ OK,
/services/childrens/comfort,src/pages/services/childrens/comfort.astro,Request an Appointment,/book,INTERNAL,✅ OK,
/services/childrens/comfort,src/pages/services/childrens/comfort.astro,Contact Us,/contact,INTERNAL,✅ OK,
/services/childrens/comfort,src/pages/services/childrens/comfort.astro,{svc.name},{svc.href},DYNAMIC,⚠️ DYNAMIC – SEE NAV DATA,Dynamic href – resolved via data array
/services/childrens/exams-cleanings,src/pages/services/childrens/exams-cleanings.astro,Home,/,INTERNAL,✅ OK,
/services/childrens/exams-cleanings,src/pages/services/childrens/exams-cleanings.astro,Services,/services,INTERNAL,✅ OK,
/services/childrens/exams-cleanings,src/pages/services/childrens/exams-cleanings.astro,Children's Dentistry,/services/childrens,INTERNAL,✅ OK,
/services/childrens/exams-cleanings,src/pages/services/childrens/exams-cleanings.astro,Request Appointment,/book,INTERNAL,✅ OK,
/services/childrens/exams-cleanings,src/pages/services/childrens/exams-cleanings.astro,306.374.7272,tel:+13063747272,PHONE,✅ OK,
/services/childrens/exams-cleanings,src/pages/services/childrens/exams-cleanings.astro,Request an Appointment,/book,INTERNAL,✅ OK,
/services/childrens/exams-cleanings,src/pages/services/childrens/exams-cleanings.astro,Contact Us,/contact,INTERNAL,✅ OK,
/services/childrens/exams-cleanings,src/pages/services/childrens/exams-cleanings.astro,{svc.name},{svc.href},DYNAMIC,⚠️ DYNAMIC – SEE NAV DATA,Dynamic href – resolved via data array
/services/childrens/fluoride,src/pages/services/childrens/fluoride.astro,Home,/,INTERNAL,✅ OK,
/services/childrens/fluoride,src/pages/services/childrens/fluoride.astro,Services,/services,INTERNAL,✅ OK,
/services/childrens/fluoride,src/pages/services/childrens/fluoride.astro,Children's Dentistry,/services/childrens,INTERNAL,✅ OK,
/services/childrens/fluoride,src/pages/services/childrens/fluoride.astro,Request Appointment,/book,INTERNAL,✅ OK,
/services/childrens/fluoride,src/pages/services/childrens/fluoride.astro,306.374.7272,tel:+13063747272,PHONE,✅ OK,
/services/childrens/fluoride,src/pages/services/childrens/fluoride.astro,Request an Appointment,/book,INTERNAL,✅ OK,
/services/childrens/fluoride,src/pages/services/childrens/fluoride.astro,Contact Us,/contact,INTERNAL,✅ OK,
/services/childrens/fluoride,src/pages/services/childrens/fluoride.astro,{svc.name},{svc.href},DYNAMIC,⚠️ DYNAMIC – SEE NAV DATA,Dynamic href – resolved via data array
/services/childrens/frenectomies,src/pages/services/childrens/frenectomies.astro,Home,/,INTERNAL,✅ OK,
/services/childrens/frenectomies,src/pages/services/childrens/frenectomies.astro,Services,/services,INTERNAL,✅ OK,
/services/childrens/frenectomies,src/pages/services/childrens/frenectomies.astro,Children's Dentistry,/services/childrens,INTERNAL,✅ OK,
/services/childrens/frenectomies,src/pages/services/childrens/frenectomies.astro,Request Appointment,/book,INTERNAL,✅ OK,
/services/childrens/frenectomies,src/pages/services/childrens/frenectomies.astro,306.374.7272,tel:+13063747272,PHONE,✅ OK,
/services/childrens/frenectomies,src/pages/services/childrens/frenectomies.astro,Request an Appointment,/book,INTERNAL,✅ OK,
/services/childrens/frenectomies,src/pages/services/childrens/frenectomies.astro,Contact Us,/contact,INTERNAL,✅ OK,
/services/childrens/frenectomies,src/pages/services/childrens/frenectomies.astro,{svc.name},{svc.href},DYNAMIC,⚠️ DYNAMIC – SEE NAV DATA,Dynamic href – resolved via data array
/services/childrens,src/pages/services/childrens/index.astro,Home,/,INTERNAL,✅ OK,
/services/childrens,src/pages/services/childrens/index.astro,Services,/services,INTERNAL,✅ OK,
/services/childrens,src/pages/services/childrens/index.astro,Request Appointment,/book,INTERNAL,✅ OK,
/services/childrens,src/pages/services/childrens/index.astro,306.374.7272,tel:+13063747272,PHONE,✅ OK,
/services/childrens,src/pages/services/childrens/index.astro,Request an Appointment,/book,INTERNAL,✅ OK,
/services/childrens,src/pages/services/childrens/index.astro,Contact Us,/contact,INTERNAL,✅ OK,
/services/childrens,src/pages/services/childrens/index.astro,Learn More,{svc.href},DYNAMIC,⚠️ DYNAMIC – SEE NAV DATA,Dynamic href – resolved via data array
/services/childrens,src/pages/services/childrens/index.astro,{svc.name},{svc.href},DYNAMIC,⚠️ DYNAMIC – SEE NAV DATA,Dynamic href – resolved via data array
/services/childrens/infant-oral-care,src/pages/services/childrens/infant-oral-care.astro,Home,/,INTERNAL,✅ OK,
/services/childrens/infant-oral-care,src/pages/services/childrens/infant-oral-care.astro,Services,/services,INTERNAL,✅ OK,
/services/childrens/infant-oral-care,src/pages/services/childrens/infant-oral-care.astro,Children's Dentistry,/services/childrens,INTERNAL,✅ OK,
/services/childrens/infant-oral-care,src/pages/services/childrens/infant-oral-care.astro,Request Appointment,/book,INTERNAL,✅ OK,
/services/childrens/infant-oral-care,src/pages/services/childrens/infant-oral-care.astro,306.374.7272,tel:+13063747272,PHONE,✅ OK,
/services/childrens/infant-oral-care,src/pages/services/childrens/infant-oral-care.astro,Request an Appointment,/book,INTERNAL,✅ OK,
/services/childrens/infant-oral-care,src/pages/services/childrens/infant-oral-care.astro,Contact Us,/contact,INTERNAL,✅ OK,
/services/childrens/infant-oral-care,src/pages/services/childrens/infant-oral-care.astro,{svc.name},{svc.href},DYNAMIC,⚠️ DYNAMIC – SEE NAV DATA,Dynamic href – resolved via data array
/services/childrens/sealants,src/pages/services/childrens/sealants.astro,Home,/,INTERNAL,✅ OK,
/services/childrens/sealants,src/pages/services/childrens/sealants.astro,Services,/services,INTERNAL,✅ OK,
/services/childrens/sealants,src/pages/services/childrens/sealants.astro,Children's Dentistry,/services/childrens,INTERNAL,✅ OK,
/services/childrens/sealants,src/pages/services/childrens/sealants.astro,Request Appointment,/book,INTERNAL,✅ OK,
/services/childrens/sealants,src/pages/services/childrens/sealants.astro,306.374.7272,tel:+13063747272,PHONE,✅ OK,
/services/childrens/sealants,src/pages/services/childrens/sealants.astro,Request an Appointment,/book,INTERNAL,✅ OK,
/services/childrens/sealants,src/pages/services/childrens/sealants.astro,Contact Us,/contact,INTERNAL,✅ OK,
/services/childrens/sealants,src/pages/services/childrens/sealants.astro,{svc.name},{svc.href},DYNAMIC,⚠️ DYNAMIC – SEE NAV DATA,Dynamic href – resolved via data array
/services/childrens/space-maintainers,src/pages/services/childrens/space-maintainers.astro,Home,/,INTERNAL,✅ OK,
/services/childrens/space-maintainers,src/pages/services/childrens/space-maintainers.astro,Services,/services,INTERNAL,✅ OK,
/services/childrens/space-maintainers,src/pages/services/childrens/space-maintainers.astro,Children's Dentistry,/services/childrens,INTERNAL,✅ OK,
/services/childrens/space-maintainers,src/pages/services/childrens/space-maintainers.astro,Request Appointment,/book,INTERNAL,✅ OK,
/services/childrens/space-maintainers,src/pages/services/childrens/space-maintainers.astro,306.374.7272,tel:+13063747272,PHONE,✅ OK,
/services/childrens/space-maintainers,src/pages/services/childrens/space-maintainers.astro,Request an Appointment,/book,INTERNAL,✅ OK,
/services/childrens/space-maintainers,src/pages/services/childrens/space-maintainers.astro,Contact Us,/contact,INTERNAL,✅ OK,
/services/childrens/space-maintainers,src/pages/services/childrens/space-maintainers.astro,{svc.name},{svc.href},DYNAMIC,⚠️ DYNAMIC – SEE NAV DATA,Dynamic href – resolved via data array
/services/childrens/x-rays,src/pages/services/childrens/x-rays.astro,Home,/,INTERNAL,✅ OK,
/services/childrens/x-rays,src/pages/services/childrens/x-rays.astro,Services,/services,INTERNAL,✅ OK,
/services/childrens/x-rays,src/pages/services/childrens/x-rays.astro,Children's Dentistry,/services/childrens,INTERNAL,✅ OK,
/services/childrens/x-rays,src/pages/services/childrens/x-rays.astro,Request Appointment,/book,INTERNAL,✅ OK,
/services/childrens/x-rays,src/pages/services/childrens/x-rays.astro,306.374.7272,tel:+13063747272,PHONE,✅ OK,
/services/childrens/x-rays,src/pages/services/childrens/x-rays.astro,Request an Appointment,/book,INTERNAL,✅ OK,
/services/childrens/x-rays,src/pages/services/childrens/x-rays.astro,Contact Us,/contact,INTERNAL,✅ OK,
/services/childrens/x-rays,src/pages/services/childrens/x-rays.astro,{svc.name},{svc.href},DYNAMIC,⚠️ DYNAMIC – SEE NAV DATA,Dynamic href – resolved via data array
/services/cosmetic/bonding,src/pages/services/cosmetic/bonding.astro,Home,/,INTERNAL,✅ OK,
/services/cosmetic/bonding,src/pages/services/cosmetic/bonding.astro,Services,/services,INTERNAL,✅ OK,
/services/cosmetic/bonding,src/pages/services/cosmetic/bonding.astro,Cosmetic,/services/cosmetic,INTERNAL,✅ OK,
/services/cosmetic/bonding,src/pages/services/cosmetic/bonding.astro,Book a Consultation,/patients/book,INTERNAL,🔴 BROKEN – NO PAGE,
/services/cosmetic/bonding,src/pages/services/cosmetic/bonding.astro,306.374.7272,tel:+13063747272,PHONE,✅ OK,
/services/cosmetic/bonding,src/pages/services/cosmetic/bonding.astro,Teeth Whitening,/services/cosmetic/whitening,INTERNAL,✅ OK,
/services/cosmetic/bonding,src/pages/services/cosmetic/bonding.astro,Porcelain Veneers,/services/cosmetic/veneers,INTERNAL,✅ OK,
/services/cosmetic/bonding,src/pages/services/cosmetic/bonding.astro,Dental Bonding,/services/cosmetic/bonding,INTERNAL,✅ OK,
/services/cosmetic/bonding,src/pages/services/cosmetic/bonding.astro,Smile Makeovers,/services/cosmetic/smile-makeovers,INTERNAL,✅ OK,
/services/cosmetic/bonding,src/pages/services/cosmetic/bonding.astro,Contact Us,/contact,INTERNAL,✅ OK,
/services/cosmetic,src/pages/services/cosmetic/index.astro,Home,/,INTERNAL,✅ OK,
/services/cosmetic,src/pages/services/cosmetic/index.astro,Services,/services,INTERNAL,✅ OK,
/services/cosmetic,src/pages/services/cosmetic/index.astro,Book a Consultation,/book,INTERNAL,✅ OK,
/services/cosmetic,src/pages/services/cosmetic/index.astro,306.374.7272,tel:+13063747272,PHONE,✅ OK,
/services/cosmetic,src/pages/services/cosmetic/index.astro,Contact Us,/contact,INTERNAL,✅ OK,
/services/cosmetic,src/pages/services/cosmetic/index.astro,Learn More,{svc.href},DYNAMIC,⚠️ DYNAMIC – SEE NAV DATA,Dynamic href – resolved via data array
/services/cosmetic/smile-makeovers,src/pages/services/cosmetic/smile-makeovers.astro,Home,/,INTERNAL,✅ OK,
/services/cosmetic/smile-makeovers,src/pages/services/cosmetic/smile-makeovers.astro,Services,/services,INTERNAL,✅ OK,
/services/cosmetic/smile-makeovers,src/pages/services/cosmetic/smile-makeovers.astro,Cosmetic,/services/cosmetic,INTERNAL,✅ OK,
/services/cosmetic/smile-makeovers,src/pages/services/cosmetic/smile-makeovers.astro,Request Appointment,/book,INTERNAL,✅ OK,
/services/cosmetic/smile-makeovers,src/pages/services/cosmetic/smile-makeovers.astro,306.374.7272,tel:+13063747272,PHONE,✅ OK,
/services/cosmetic/smile-makeovers,src/pages/services/cosmetic/smile-makeovers.astro,Request an Appointment,/book,INTERNAL,✅ OK,
/services/cosmetic/smile-makeovers,src/pages/services/cosmetic/smile-makeovers.astro,Contact Us,/contact,INTERNAL,✅ OK,
/services/cosmetic/smile-makeovers,src/pages/services/cosmetic/smile-makeovers.astro,{svc.name},{svc.href},DYNAMIC,⚠️ DYNAMIC – SEE NAV DATA,Dynamic href – resolved via data array
/services/cosmetic/veneers,src/pages/services/cosmetic/veneers.astro,Home,/,INTERNAL,✅ OK,
/services/cosmetic/veneers,src/pages/services/cosmetic/veneers.astro,Services,/services,INTERNAL,✅ OK,
/services/cosmetic/veneers,src/pages/services/cosmetic/veneers.astro,Cosmetic,/services/cosmetic,INTERNAL,✅ OK,
/services/cosmetic/veneers,src/pages/services/cosmetic/veneers.astro,Book a Consultation,/patients/book,INTERNAL,🔴 BROKEN – NO PAGE,
/services/cosmetic/veneers,src/pages/services/cosmetic/veneers.astro,306.374.7272,tel:+13063747272,PHONE,✅ OK,
/services/cosmetic/veneers,src/pages/services/cosmetic/veneers.astro,Teeth Whitening,/services/cosmetic/whitening,INTERNAL,✅ OK,
/services/cosmetic/veneers,src/pages/services/cosmetic/veneers.astro,Porcelain Veneers,/services/cosmetic/veneers,INTERNAL,✅ OK,
/services/cosmetic/veneers,src/pages/services/cosmetic/veneers.astro,Dental Bonding,/services/cosmetic/bonding,INTERNAL,✅ OK,
/services/cosmetic/veneers,src/pages/services/cosmetic/veneers.astro,Smile Makeovers,/services/cosmetic/smile-makeovers,INTERNAL,✅ OK,
/services/cosmetic/veneers,src/pages/services/cosmetic/veneers.astro,Contact Us,/contact,INTERNAL,✅ OK,
/services/cosmetic/whitening,src/pages/services/cosmetic/whitening.astro,Home,/,INTERNAL,✅ OK,
/services/cosmetic/whitening,src/pages/services/cosmetic/whitening.astro,Services,/services,INTERNAL,✅ OK,
/services/cosmetic/whitening,src/pages/services/cosmetic/whitening.astro,Cosmetic,/services/cosmetic,INTERNAL,✅ OK,
/services/cosmetic/whitening,src/pages/services/cosmetic/whitening.astro,Book a Consultation,/patients/book,INTERNAL,🔴 BROKEN – NO PAGE,
/services/cosmetic/whitening,src/pages/services/cosmetic/whitening.astro,306.374.7272,tel:+13063747272,PHONE,✅ OK,
/services/cosmetic/whitening,src/pages/services/cosmetic/whitening.astro,Teeth Whitening,/services/cosmetic/whitening,INTERNAL,✅ OK,
/services/cosmetic/whitening,src/pages/services/cosmetic/whitening.astro,Porcelain Veneers,/services/cosmetic/veneers,INTERNAL,✅ OK,
/services/cosmetic/whitening,src/pages/services/cosmetic/whitening.astro,Dental Bonding,/services/cosmetic/bonding,INTERNAL,✅ OK,
/services/cosmetic/whitening,src/pages/services/cosmetic/whitening.astro,Smile Makeovers,/services/cosmetic/smile-makeovers,INTERNAL,✅ OK,
/services/cosmetic/whitening,src/pages/services/cosmetic/whitening.astro,Contact Us,/contact,INTERNAL,✅ OK,
/services/diagnostic/cbct,src/pages/services/diagnostic/cbct.astro,Home,/,INTERNAL,✅ OK,
/services/diagnostic/cbct,src/pages/services/diagnostic/cbct.astro,Services,/services,INTERNAL,✅ OK,
/services/diagnostic/cbct,src/pages/services/diagnostic/cbct.astro,Diagnostic Services,/services/diagnostic,INTERNAL,✅ OK,
/services/diagnostic/cbct,src/pages/services/diagnostic/cbct.astro,Request Appointment,/book,INTERNAL,✅ OK,
/services/diagnostic/cbct,src/pages/services/diagnostic/cbct.astro,306.374.7272,tel:+13063747272,PHONE,✅ OK,
/services/diagnostic/cbct,src/pages/services/diagnostic/cbct.astro,Request an Appointment,/book,INTERNAL,✅ OK,
/services/diagnostic/cbct,src/pages/services/diagnostic/cbct.astro,Contact Us,/contact,INTERNAL,✅ OK,
/services/diagnostic/cbct,src/pages/services/diagnostic/cbct.astro,{svc.name},{svc.href},DYNAMIC,⚠️ DYNAMIC – SEE NAV DATA,Dynamic href – resolved via data array
/services/diagnostic/diagnostic-images,src/pages/services/diagnostic/diagnostic-images.astro,Home,/,INTERNAL,✅ OK,
/services/diagnostic/diagnostic-images,src/pages/services/diagnostic/diagnostic-images.astro,Services,/services,INTERNAL,✅ OK,
/services/diagnostic/diagnostic-images,src/pages/services/diagnostic/diagnostic-images.astro,Diagnostic Services,/services/diagnostic,INTERNAL,✅ OK,
/services/diagnostic/diagnostic-images,src/pages/services/diagnostic/diagnostic-images.astro,Request Appointment,/book,INTERNAL,✅ OK,
/services/diagnostic/diagnostic-images,src/pages/services/diagnostic/diagnostic-images.astro,306.374.7272,tel:+13063747272,PHONE,✅ OK,
/services/diagnostic/diagnostic-images,src/pages/services/diagnostic/diagnostic-images.astro,Request an Appointment,/book,INTERNAL,✅ OK,
/services/diagnostic/diagnostic-images,src/pages/services/diagnostic/diagnostic-images.astro,Contact Us,/contact,INTERNAL,✅ OK,
/services/diagnostic/diagnostic-images,src/pages/services/diagnostic/diagnostic-images.astro,{svc.name},{svc.href},DYNAMIC,⚠️ DYNAMIC – SEE NAV DATA,Dynamic href – resolved via data array
/services/diagnostic,src/pages/services/diagnostic/index.astro,Home,/,INTERNAL,✅ OK,
/services/diagnostic,src/pages/services/diagnostic/index.astro,Services,/services,INTERNAL,✅ OK,
/services/diagnostic,src/pages/services/diagnostic/index.astro,Request Appointment,/book,INTERNAL,✅ OK,
/services/diagnostic,src/pages/services/diagnostic/index.astro,306.374.7272,tel:+13063747272,PHONE,✅ OK,
/services/diagnostic,src/pages/services/diagnostic/index.astro,Request an Appointment,/book,INTERNAL,✅ OK,
/services/diagnostic,src/pages/services/diagnostic/index.astro,Contact Us,/contact,INTERNAL,✅ OK,
/services/diagnostic,src/pages/services/diagnostic/index.astro,Learn More,{svc.href},DYNAMIC,⚠️ DYNAMIC – SEE NAV DATA,Dynamic href – resolved via data array
/services/diagnostic/intraoral-cameras,src/pages/services/diagnostic/intraoral-cameras.astro,Home,/,INTERNAL,✅ OK,
/services/diagnostic/intraoral-cameras,src/pages/services/diagnostic/intraoral-cameras.astro,Services,/services,INTERNAL,✅ OK,
/services/diagnostic/intraoral-cameras,src/pages/services/diagnostic/intraoral-cameras.astro,Diagnostic Services,/services/diagnostic,INTERNAL,✅ OK,
/services/diagnostic/intraoral-cameras,src/pages/services/diagnostic/intraoral-cameras.astro,Request Appointment,/book,INTERNAL,✅ OK,
/services/diagnostic/intraoral-cameras,src/pages/services/diagnostic/intraoral-cameras.astro,306.374.7272,tel:+13063747272,PHONE,✅ OK,
/services/diagnostic/intraoral-cameras,src/pages/services/diagnostic/intraoral-cameras.astro,Request an Appointment,/book,INTERNAL,✅ OK,
/services/diagnostic/intraoral-cameras,src/pages/services/diagnostic/intraoral-cameras.astro,Contact Us,/contact,INTERNAL,✅ OK,
/services/diagnostic/intraoral-cameras,src/pages/services/diagnostic/intraoral-cameras.astro,{svc.name},{svc.href},DYNAMIC,⚠️ DYNAMIC – SEE NAV DATA,Dynamic href – resolved via data array
/services/diagnostic/oral-cancer-screening,src/pages/services/diagnostic/oral-cancer-screening.astro,Home,/,INTERNAL,✅ OK,
/services/diagnostic/oral-cancer-screening,src/pages/services/diagnostic/oral-cancer-screening.astro,Services,/services,INTERNAL,✅ OK,
/services/diagnostic/oral-cancer-screening,src/pages/services/diagnostic/oral-cancer-screening.astro,Diagnostic Services,/services/diagnostic,INTERNAL,✅ OK,
/services/diagnostic/oral-cancer-screening,src/pages/services/diagnostic/oral-cancer-screening.astro,Request Appointment,/patients/book,INTERNAL,🔴 BROKEN – NO PAGE,
/services/diagnostic/oral-cancer-screening,src/pages/services/diagnostic/oral-cancer-screening.astro,306.374.7272,tel:+13063747272,PHONE,✅ OK,
/services/diagnostic/oral-cancer-screening,src/pages/services/diagnostic/oral-cancer-screening.astro,Request an Appointment,/patients/book,INTERNAL,🔴 BROKEN – NO PAGE,
/services/diagnostic/oral-cancer-screening,src/pages/services/diagnostic/oral-cancer-screening.astro,Contact Us,/contact,INTERNAL,✅ OK,
/services/diagnostic/oral-cancer-screening,src/pages/services/diagnostic/oral-cancer-screening.astro,{svc.name},{svc.href},DYNAMIC,⚠️ DYNAMIC – SEE NAV DATA,Dynamic href – resolved via data array
/services/diagnostic/x-rays,src/pages/services/diagnostic/x-rays.astro,Home,/,INTERNAL,✅ OK,
/services/diagnostic/x-rays,src/pages/services/diagnostic/x-rays.astro,Services,/services,INTERNAL,✅ OK,
/services/diagnostic/x-rays,src/pages/services/diagnostic/x-rays.astro,Diagnostic Services,/services/diagnostic,INTERNAL,✅ OK,
/services/diagnostic/x-rays,src/pages/services/diagnostic/x-rays.astro,Request Appointment,/patients/book,INTERNAL,🔴 BROKEN – NO PAGE,
/services/diagnostic/x-rays,src/pages/services/diagnostic/x-rays.astro,306.374.7272,tel:+13063747272,PHONE,✅ OK,
/services/diagnostic/x-rays,src/pages/services/diagnostic/x-rays.astro,Request an Appointment,/patients/book,INTERNAL,🔴 BROKEN – NO PAGE,
/services/diagnostic/x-rays,src/pages/services/diagnostic/x-rays.astro,Contact Us,/contact,INTERNAL,✅ OK,
/services/diagnostic/x-rays,src/pages/services/diagnostic/x-rays.astro,{svc.name},{svc.href},DYNAMIC,⚠️ DYNAMIC – SEE NAV DATA,Dynamic href – resolved via data array
/services/emergency/appointments,src/pages/services/emergency/appointments.astro,Home,/,INTERNAL,✅ OK,
/services/emergency/appointments,src/pages/services/emergency/appointments.astro,Services,/services,INTERNAL,✅ OK,
/services/emergency/appointments,src/pages/services/emergency/appointments.astro,Emergency,/services/emergency,INTERNAL,✅ OK,
/services/emergency/appointments,src/pages/services/emergency/appointments.astro,306.374.7272,tel:+13063747272,PHONE,✅ OK,
/services/emergency/appointments,src/pages/services/emergency/appointments.astro,Request Appointment,/book,INTERNAL,✅ OK,
/services/emergency/appointments,src/pages/services/emergency/appointments.astro,Request an Appointment,/book,INTERNAL,✅ OK,
/services/emergency/appointments,src/pages/services/emergency/appointments.astro,Contact Us,/contact,INTERNAL,✅ OK,
/services/emergency/appointments,src/pages/services/emergency/appointments.astro,{svc.name},{svc.href},DYNAMIC,⚠️ DYNAMIC – SEE NAV DATA,Dynamic href – resolved via data array
/services/emergency/broken-tooth,src/pages/services/emergency/broken-tooth.astro,Home,/,INTERNAL,✅ OK,
/services/emergency/broken-tooth,src/pages/services/emergency/broken-tooth.astro,Services,/services,INTERNAL,✅ OK,
/services/emergency/broken-tooth,src/pages/services/emergency/broken-tooth.astro,Emergency,/services/emergency,INTERNAL,✅ OK,
/services/emergency/broken-tooth,src/pages/services/emergency/broken-tooth.astro,306.374.7272,tel:+13063747272,PHONE,✅ OK,
/services/emergency/broken-tooth,src/pages/services/emergency/broken-tooth.astro,Request Appointment,/book,INTERNAL,✅ OK,
/services/emergency/broken-tooth,src/pages/services/emergency/broken-tooth.astro,Request an Appointment,/book,INTERNAL,✅ OK,
/services/emergency/broken-tooth,src/pages/services/emergency/broken-tooth.astro,Contact Us,/contact,INTERNAL,✅ OK,
/services/emergency/broken-tooth,src/pages/services/emergency/broken-tooth.astro,{svc.name},{svc.href},DYNAMIC,⚠️ DYNAMIC – SEE NAV DATA,Dynamic href – resolved via data array
/services/emergency,src/pages/services/emergency/index.astro,Home,/,INTERNAL,✅ OK,
/services/emergency,src/pages/services/emergency/index.astro,Services,/services,INTERNAL,✅ OK,
/services/emergency,src/pages/services/emergency/index.astro,306.374.7272,tel:+13063747272,PHONE,✅ OK,
/services/emergency,src/pages/services/emergency/index.astro,Request an Appointment,/patients/book,INTERNAL,🔴 BROKEN – NO PAGE,
/services/emergency,src/pages/services/emergency/index.astro,Contact Us,/contact,INTERNAL,✅ OK,
/services/emergency,src/pages/services/emergency/index.astro,Learn More,{svc.href},DYNAMIC,⚠️ DYNAMIC – SEE NAV DATA,Dynamic href – resolved via data array
/services/emergency/knocked-out-tooth,src/pages/services/emergency/knocked-out-tooth.astro,Home,/,INTERNAL,✅ OK,
/services/emergency/knocked-out-tooth,src/pages/services/emergency/knocked-out-tooth.astro,Services,/services,INTERNAL,✅ OK,
/services/emergency/knocked-out-tooth,src/pages/services/emergency/knocked-out-tooth.astro,Emergency,/services/emergency,INTERNAL,✅ OK,
/services/emergency/knocked-out-tooth,src/pages/services/emergency/knocked-out-tooth.astro,306.374.7272,tel:+13063747272,PHONE,✅ OK,
/services/emergency/knocked-out-tooth,src/pages/services/emergency/knocked-out-tooth.astro,Request Appointment,/book,INTERNAL,✅ OK,
/services/emergency/knocked-out-tooth,src/pages/services/emergency/knocked-out-tooth.astro,Request an Appointment,/book,INTERNAL,✅ OK,
/services/emergency/knocked-out-tooth,src/pages/services/emergency/knocked-out-tooth.astro,Contact Us,/contact,INTERNAL,✅ OK,
/services/emergency/knocked-out-tooth,src/pages/services/emergency/knocked-out-tooth.astro,{svc.name},{svc.href},DYNAMIC,⚠️ DYNAMIC – SEE NAV DATA,Dynamic href – resolved via data array
/services/emergency/same-day,src/pages/services/emergency/same-day.astro,Home,/,INTERNAL,✅ OK,
/services/emergency/same-day,src/pages/services/emergency/same-day.astro,Services,/services,INTERNAL,✅ OK,
/services/emergency/same-day,src/pages/services/emergency/same-day.astro,Emergency,/services/emergency,INTERNAL,✅ OK,
/services/emergency/same-day,src/pages/services/emergency/same-day.astro,306.374.7272,tel:+13063747272,PHONE,✅ OK,
/services/emergency/same-day,src/pages/services/emergency/same-day.astro,Request Appointment,/book,INTERNAL,✅ OK,
/services/emergency/same-day,src/pages/services/emergency/same-day.astro,Request an Appointment,/book,INTERNAL,✅ OK,
/services/emergency/same-day,src/pages/services/emergency/same-day.astro,Contact Us,/contact,INTERNAL,✅ OK,
/services/emergency/same-day,src/pages/services/emergency/same-day.astro,{svc.name},{svc.href},DYNAMIC,⚠️ DYNAMIC – SEE NAV DATA,Dynamic href – resolved via data array
/services/emergency/toothache,src/pages/services/emergency/toothache.astro,Home,/,INTERNAL,✅ OK,
/services/emergency/toothache,src/pages/services/emergency/toothache.astro,Services,/services,INTERNAL,✅ OK,
/services/emergency/toothache,src/pages/services/emergency/toothache.astro,Emergency,/services/emergency,INTERNAL,✅ OK,
/services/emergency/toothache,src/pages/services/emergency/toothache.astro,306.374.7272,tel:+13063747272,PHONE,✅ OK,
/services/emergency/toothache,src/pages/services/emergency/toothache.astro,Request Appointment,/book,INTERNAL,✅ OK,
/services/emergency/toothache,src/pages/services/emergency/toothache.astro,Request an Appointment,/book,INTERNAL,✅ OK,
/services/emergency/toothache,src/pages/services/emergency/toothache.astro,Contact Us,/contact,INTERNAL,✅ OK,
/services/emergency/toothache,src/pages/services/emergency/toothache.astro,{svc.name},{svc.href},DYNAMIC,⚠️ DYNAMIC – SEE NAV DATA,Dynamic href – resolved via data array
/services/endodontics/cracked-tooth,src/pages/services/endodontics/cracked-tooth.astro,Home,/,INTERNAL,✅ OK,
/services/endodontics/cracked-tooth,src/pages/services/endodontics/cracked-tooth.astro,Services,/services,INTERNAL,✅ OK,
/services/endodontics/cracked-tooth,src/pages/services/endodontics/cracked-tooth.astro,Endodontic Services,/services/endodontics,INTERNAL,✅ OK,
/services/endodontics/cracked-tooth,src/pages/services/endodontics/cracked-tooth.astro,Request Appointment,/book,INTERNAL,✅ OK,
/services/endodontics/cracked-tooth,src/pages/services/endodontics/cracked-tooth.astro,306.374.7272,tel:+13063747272,PHONE,✅ OK,
/services/endodontics/cracked-tooth,src/pages/services/endodontics/cracked-tooth.astro,Request an Appointment,/book,INTERNAL,✅ OK,
/services/endodontics/cracked-tooth,src/pages/services/endodontics/cracked-tooth.astro,Contact Us,/contact,INTERNAL,✅ OK,
/services/endodontics/cracked-tooth,src/pages/services/endodontics/cracked-tooth.astro,{svc.name},{svc.href},DYNAMIC,⚠️ DYNAMIC – SEE NAV DATA,Dynamic href – resolved via data array
/services/endodontics,src/pages/services/endodontics/index.astro,Home,/,INTERNAL,✅ OK,
/services/endodontics,src/pages/services/endodontics/index.astro,Services,/services,INTERNAL,✅ OK,
/services/endodontics,src/pages/services/endodontics/index.astro,Request Appointment,/book,INTERNAL,✅ OK,
/services/endodontics,src/pages/services/endodontics/index.astro,306.374.7272,tel:+13063747272,PHONE,✅ OK,
/services/endodontics,src/pages/services/endodontics/index.astro,Request an Appointment,/book,INTERNAL,✅ OK,
/services/endodontics,src/pages/services/endodontics/index.astro,Contact Us,/contact,INTERNAL,✅ OK,
/services/endodontics,src/pages/services/endodontics/index.astro,Learn More,{svc.href},DYNAMIC,⚠️ DYNAMIC – SEE NAV DATA,Dynamic href – resolved via data array
/services/endodontics,src/pages/services/endodontics/index.astro,{svc.name},{svc.href},DYNAMIC,⚠️ DYNAMIC – SEE NAV DATA,Dynamic href – resolved via data array
/services/endodontics/internal-bleaching,src/pages/services/endodontics/internal-bleaching.astro,Home,/,INTERNAL,✅ OK,
/services/endodontics/internal-bleaching,src/pages/services/endodontics/internal-bleaching.astro,Services,/services,INTERNAL,✅ OK,
/services/endodontics/internal-bleaching,src/pages/services/endodontics/internal-bleaching.astro,Endodontic Services,/services/endodontics,INTERNAL,✅ OK,
/services/endodontics/internal-bleaching,src/pages/services/endodontics/internal-bleaching.astro,Request Appointment,/book,INTERNAL,✅ OK,
/services/endodontics/internal-bleaching,src/pages/services/endodontics/internal-bleaching.astro,306.374.7272,tel:+13063747272,PHONE,✅ OK,
/services/endodontics/internal-bleaching,src/pages/services/endodontics/internal-bleaching.astro,Request an Appointment,/book,INTERNAL,✅ OK,
/services/endodontics/internal-bleaching,src/pages/services/endodontics/internal-bleaching.astro,Contact Us,/contact,INTERNAL,✅ OK,
/services/endodontics/internal-bleaching,src/pages/services/endodontics/internal-bleaching.astro,{svc.name},{svc.href},DYNAMIC,⚠️ DYNAMIC – SEE NAV DATA,Dynamic href – resolved via data array
/services/endodontics/root-canal,src/pages/services/endodontics/root-canal.astro,Home,/,INTERNAL,✅ OK,
/services/endodontics/root-canal,src/pages/services/endodontics/root-canal.astro,Services,/services,INTERNAL,✅ OK,
/services/endodontics/root-canal,src/pages/services/endodontics/root-canal.astro,Endodontic Services,/services/endodontics,INTERNAL,✅ OK,
/services/endodontics/root-canal,src/pages/services/endodontics/root-canal.astro,Request Appointment,/patients/book,INTERNAL,🔴 BROKEN – NO PAGE,
/services/endodontics/root-canal,src/pages/services/endodontics/root-canal.astro,306.374.7272,tel:+13063747272,PHONE,✅ OK,
/services/endodontics/root-canal,src/pages/services/endodontics/root-canal.astro,Request an Appointment,/patients/book,INTERNAL,🔴 BROKEN – NO PAGE,
/services/endodontics/root-canal,src/pages/services/endodontics/root-canal.astro,Contact Us,/contact,INTERNAL,✅ OK,
/services/endodontics/root-canal,src/pages/services/endodontics/root-canal.astro,{svc.name},{svc.href},DYNAMIC,⚠️ DYNAMIC – SEE NAV DATA,Dynamic href – resolved via data array
/services/endodontics/traumatic-injuries,src/pages/services/endodontics/traumatic-injuries.astro,Home,/,INTERNAL,✅ OK,
/services/endodontics/traumatic-injuries,src/pages/services/endodontics/traumatic-injuries.astro,Services,/services,INTERNAL,✅ OK,
/services/endodontics/traumatic-injuries,src/pages/services/endodontics/traumatic-injuries.astro,Endodontic Services,/services/endodontics,INTERNAL,✅ OK,
/services/endodontics/traumatic-injuries,src/pages/services/endodontics/traumatic-injuries.astro,Request Appointment,/book,INTERNAL,✅ OK,
/services/endodontics/traumatic-injuries,src/pages/services/endodontics/traumatic-injuries.astro,306.374.7272,tel:+13063747272,PHONE,✅ OK,
/services/endodontics/traumatic-injuries,src/pages/services/endodontics/traumatic-injuries.astro,Request an Appointment,/book,INTERNAL,✅ OK,
/services/endodontics/traumatic-injuries,src/pages/services/endodontics/traumatic-injuries.astro,Contact Us,/contact,INTERNAL,✅ OK,
/services/endodontics/traumatic-injuries,src/pages/services/endodontics/traumatic-injuries.astro,{svc.name},{svc.href},DYNAMIC,⚠️ DYNAMIC – SEE NAV DATA,Dynamic href – resolved via data array
/services,src/pages/services/index.astro,Home,/,INTERNAL,✅ OK,
/services,src/pages/services/index.astro,306.374.7272,tel:+13063747272,PHONE,✅ OK,
/services,src/pages/services/index.astro,Call Now,tel:+13063747272,PHONE,✅ OK,
/services,src/pages/services/index.astro,Request an Appointment,/book,INTERNAL,✅ OK,
/services,src/pages/services/index.astro,Contact Us,/contact,INTERNAL,✅ OK,
/services,src/pages/services/index.astro,{svc.name},{svc.href},DYNAMIC,⚠️ DYNAMIC – SEE NAV DATA,Dynamic href – resolved via data array
/services,src/pages/services/index.astro,Explore {cat.title},{cat.href},DYNAMIC,⚠️ DYNAMIC – SEE NAV DATA,Dynamic href – resolved via data array
/services/oral-surgery/extractions,src/pages/services/oral-surgery/extractions.astro,Home,/,INTERNAL,✅ OK,
/services/oral-surgery/extractions,src/pages/services/oral-surgery/extractions.astro,Services,/services,INTERNAL,✅ OK,
/services/oral-surgery/extractions,src/pages/services/oral-surgery/extractions.astro,Oral Surgery,/services/oral-surgery,INTERNAL,✅ OK,
/services/oral-surgery/extractions,src/pages/services/oral-surgery/extractions.astro,dental implant,/services/oral-surgery/implants,INTERNAL,✅ OK,
/services/oral-surgery/extractions,src/pages/services/oral-surgery/extractions.astro,bridge,/services/restorative/crowns-bridges,INTERNAL,✅ OK,
/services/oral-surgery/extractions,src/pages/services/oral-surgery/extractions.astro,Request Appointment,/book,INTERNAL,✅ OK,
/services/oral-surgery/extractions,src/pages/services/oral-surgery/extractions.astro,306.374.7272,tel:+13063747272,PHONE,✅ OK,
/services/oral-surgery/extractions,src/pages/services/oral-surgery/extractions.astro,Request an Appointment,/book,INTERNAL,✅ OK,
/services/oral-surgery/extractions,src/pages/services/oral-surgery/extractions.astro,Contact Us,/contact,INTERNAL,✅ OK,
/services/oral-surgery/extractions,src/pages/services/oral-surgery/extractions.astro,{svc.name},{svc.href},DYNAMIC,⚠️ DYNAMIC – SEE NAV DATA,Dynamic href – resolved via data array
/services/oral-surgery/implants,src/pages/services/oral-surgery/implants.astro,Home,/,INTERNAL,✅ OK,
/services/oral-surgery/implants,src/pages/services/oral-surgery/implants.astro,Services,/services,INTERNAL,✅ OK,
/services/oral-surgery/implants,src/pages/services/oral-surgery/implants.astro,Oral Surgery,/services/oral-surgery,INTERNAL,✅ OK,
/services/oral-surgery/implants,src/pages/services/oral-surgery/implants.astro,Request Appointment,/patients/book,INTERNAL,🔴 BROKEN – NO PAGE,
/services/oral-surgery/implants,src/pages/services/oral-surgery/implants.astro,306.374.7272,tel:+13063747272,PHONE,✅ OK,
/services/oral-surgery/implants,src/pages/services/oral-surgery/implants.astro,Request an Appointment,/patients/book,INTERNAL,🔴 BROKEN – NO PAGE,
/services/oral-surgery/implants,src/pages/services/oral-surgery/implants.astro,Contact Us,/contact,INTERNAL,✅ OK,
/services/oral-surgery/implants,src/pages/services/oral-surgery/implants.astro,{svc.name},{svc.href},DYNAMIC,⚠️ DYNAMIC – SEE NAV DATA,Dynamic href – resolved via data array
/services/oral-surgery,src/pages/services/oral-surgery/index.astro,Home,/,INTERNAL,✅ OK,
/services/oral-surgery,src/pages/services/oral-surgery/index.astro,Services,/services,INTERNAL,✅ OK,
/services/oral-surgery,src/pages/services/oral-surgery/index.astro,306.374.7272,tel:+13063747272,PHONE,✅ OK,
/services/oral-surgery,src/pages/services/oral-surgery/index.astro,Learn what to do in a dental emergency,/services/emergency,INTERNAL,✅ OK,
/services/oral-surgery,src/pages/services/oral-surgery/index.astro,Request an Appointment,/book,INTERNAL,✅ OK,
/services/oral-surgery,src/pages/services/oral-surgery/index.astro,Contact Us,/contact,INTERNAL,✅ OK,
/services/oral-surgery,src/pages/services/oral-surgery/index.astro,Learn More,{svc.href},DYNAMIC,⚠️ DYNAMIC – SEE NAV DATA,Dynamic href – resolved via data array
/services/oral-surgery/wisdom-teeth,src/pages/services/oral-surgery/wisdom-teeth.astro,Home,/,INTERNAL,✅ OK,
/services/oral-surgery/wisdom-teeth,src/pages/services/oral-surgery/wisdom-teeth.astro,Services,/services,INTERNAL,✅ OK,
/services/oral-surgery/wisdom-teeth,src/pages/services/oral-surgery/wisdom-teeth.astro,Oral Surgery &amp; Other,/services/oral-surgery,INTERNAL,✅ OK,
/services/oral-surgery/wisdom-teeth,src/pages/services/oral-surgery/wisdom-teeth.astro,Request Appointment,/patients/book,INTERNAL,🔴 BROKEN – NO PAGE,
/services/oral-surgery/wisdom-teeth,src/pages/services/oral-surgery/wisdom-teeth.astro,306.374.7272,tel:+13063747272,PHONE,✅ OK,
/services/oral-surgery/wisdom-teeth,src/pages/services/oral-surgery/wisdom-teeth.astro,Request an Appointment,/patients/book,INTERNAL,🔴 BROKEN – NO PAGE,
/services/oral-surgery/wisdom-teeth,src/pages/services/oral-surgery/wisdom-teeth.astro,Contact Us,/contact,INTERNAL,✅ OK,
/services/oral-surgery/wisdom-teeth,src/pages/services/oral-surgery/wisdom-teeth.astro,{svc.name},{svc.href},DYNAMIC,⚠️ DYNAMIC – SEE NAV DATA,Dynamic href – resolved via data array
/services/orthodontics,src/pages/services/orthodontics/index.astro,Home,/,INTERNAL,✅ OK,
/services/orthodontics,src/pages/services/orthodontics/index.astro,Services,/services,INTERNAL,✅ OK,
/services/orthodontics,src/pages/services/orthodontics/index.astro,Request Appointment,/book,INTERNAL,✅ OK,
/services/orthodontics,src/pages/services/orthodontics/index.astro,306.374.7272,tel:+13063747272,PHONE,✅ OK,
/services/orthodontics,src/pages/services/orthodontics/index.astro,Invisalign &amp; Clear Aligners,/services/orthodontics/invisalign,INTERNAL,✅ OK,
/services/orthodontics,src/pages/services/orthodontics/index.astro,Request an Appointment,/book,INTERNAL,✅ OK,
/services/orthodontics,src/pages/services/orthodontics/index.astro,Contact Us,/contact,INTERNAL,✅ OK,
/services/orthodontics,src/pages/services/orthodontics/index.astro,Learn More,{svc.href},DYNAMIC,⚠️ DYNAMIC – SEE NAV DATA,Dynamic href – resolved via data array
/services/orthodontics/invisalign,src/pages/services/orthodontics/invisalign.astro,Home,/,INTERNAL,✅ OK,
/services/orthodontics/invisalign,src/pages/services/orthodontics/invisalign.astro,Services,/services,INTERNAL,✅ OK,
/services/orthodontics/invisalign,src/pages/services/orthodontics/invisalign.astro,Orthodontics,/services/orthodontics,INTERNAL,✅ OK,
/services/orthodontics/invisalign,src/pages/services/orthodontics/invisalign.astro,Request Appointment,#consultation-form,PAGE-ANCHOR,✅ OK – PAGE ANCHOR,
/services/orthodontics/invisalign,src/pages/services/orthodontics/invisalign.astro,306.374.7272,tel:+13063747272,PHONE,✅ OK,
/services/orthodontics/invisalign,src/pages/services/orthodontics/invisalign.astro,Contact Us,/contact,INTERNAL,✅ OK,
/services/orthodontics/invisalign,src/pages/services/orthodontics/invisalign.astro,{svc.name},{svc.href},DYNAMIC,⚠️ DYNAMIC – SEE NAV DATA,Dynamic href – resolved via data array
/services/periodontal/gum-contouring,src/pages/services/periodontal/gum-contouring.astro,Home,/,INTERNAL,✅ OK,
/services/periodontal/gum-contouring,src/pages/services/periodontal/gum-contouring.astro,Services,/services,INTERNAL,✅ OK,
/services/periodontal/gum-contouring,src/pages/services/periodontal/gum-contouring.astro,Periodontal Care,/services/periodontal,INTERNAL,✅ OK,
/services/periodontal/gum-contouring,src/pages/services/periodontal/gum-contouring.astro,Request Appointment,/book,INTERNAL,✅ OK,
/services/periodontal/gum-contouring,src/pages/services/periodontal/gum-contouring.astro,306.374.7272,tel:+13063747272,PHONE,✅ OK,
/services/periodontal/gum-contouring,src/pages/services/periodontal/gum-contouring.astro,Request an Appointment,/book,INTERNAL,✅ OK,
/services/periodontal/gum-contouring,src/pages/services/periodontal/gum-contouring.astro,Contact Us,/contact,INTERNAL,✅ OK,
/services/periodontal/gum-contouring,src/pages/services/periodontal/gum-contouring.astro,{svc.name},{svc.href},DYNAMIC,⚠️ DYNAMIC – SEE NAV DATA,Dynamic href – resolved via data array
/services/periodontal/gum-disease,src/pages/services/periodontal/gum-disease.astro,Home,/,INTERNAL,✅ OK,
/services/periodontal/gum-disease,src/pages/services/periodontal/gum-disease.astro,Services,/services,INTERNAL,✅ OK,
/services/periodontal/gum-disease,src/pages/services/periodontal/gum-disease.astro,Periodontal,/services/periodontal,INTERNAL,✅ OK,
/services/periodontal/gum-disease,src/pages/services/periodontal/gum-disease.astro,Request Appointment,/book,INTERNAL,✅ OK,
/services/periodontal/gum-disease,src/pages/services/periodontal/gum-disease.astro,306.374.7272,tel:+13063747272,PHONE,✅ OK,
/services/periodontal/gum-disease,src/pages/services/periodontal/gum-disease.astro,Request an Appointment,/book,INTERNAL,✅ OK,
/services/periodontal/gum-disease,src/pages/services/periodontal/gum-disease.astro,Contact Us,/contact,INTERNAL,✅ OK,
/services/periodontal/gum-disease,src/pages/services/periodontal/gum-disease.astro,{svc.name},{svc.href},DYNAMIC,⚠️ DYNAMIC – SEE NAV DATA,Dynamic href – resolved via data array
/services/periodontal,src/pages/services/periodontal/index.astro,Home,/,INTERNAL,✅ OK,
/services/periodontal,src/pages/services/periodontal/index.astro,Services,/services,INTERNAL,✅ OK,
/services/periodontal,src/pages/services/periodontal/index.astro,Request Appointment,/book,INTERNAL,✅ OK,
/services/periodontal,src/pages/services/periodontal/index.astro,306.374.7272,tel:+13063747272,PHONE,✅ OK,
/services/periodontal,src/pages/services/periodontal/index.astro,Request an Appointment,/book,INTERNAL,✅ OK,
/services/periodontal,src/pages/services/periodontal/index.astro,Contact Us,/contact,INTERNAL,✅ OK,
/services/periodontal,src/pages/services/periodontal/index.astro,Learn More,{svc.href},DYNAMIC,⚠️ DYNAMIC – SEE NAV DATA,Dynamic href – resolved via data array
/services/periodontal,src/pages/services/periodontal/index.astro,{svc.name},{svc.href},DYNAMIC,⚠️ DYNAMIC – SEE NAV DATA,Dynamic href – resolved via data array
/services/periodontal/scaling-root-planing,src/pages/services/periodontal/scaling-root-planing.astro,Home,/,INTERNAL,✅ OK,
/services/periodontal/scaling-root-planing,src/pages/services/periodontal/scaling-root-planing.astro,Services,/services,INTERNAL,✅ OK,
/services/periodontal/scaling-root-planing,src/pages/services/periodontal/scaling-root-planing.astro,Periodontal Care,/services/periodontal,INTERNAL,✅ OK,
/services/periodontal/scaling-root-planing,src/pages/services/periodontal/scaling-root-planing.astro,Request Appointment,/patients/book,INTERNAL,🔴 BROKEN – NO PAGE,
/services/periodontal/scaling-root-planing,src/pages/services/periodontal/scaling-root-planing.astro,306.374.7272,tel:+13063747272,PHONE,✅ OK,
/services/periodontal/scaling-root-planing,src/pages/services/periodontal/scaling-root-planing.astro,Request an Appointment,/patients/book,INTERNAL,🔴 BROKEN – NO PAGE,
/services/periodontal/scaling-root-planing,src/pages/services/periodontal/scaling-root-planing.astro,Contact Us,/contact,INTERNAL,✅ OK,
/services/periodontal/scaling-root-planing,src/pages/services/periodontal/scaling-root-planing.astro,{svc.name},{svc.href},DYNAMIC,⚠️ DYNAMIC – SEE NAV DATA,Dynamic href – resolved via data array
/services/preventive/cleanings-exams,src/pages/services/preventive/cleanings-exams.astro,Home,/,INTERNAL,✅ OK,
/services/preventive/cleanings-exams,src/pages/services/preventive/cleanings-exams.astro,Services,/services,INTERNAL,✅ OK,
/services/preventive/cleanings-exams,src/pages/services/preventive/cleanings-exams.astro,Preventive,/services/preventive,INTERNAL,✅ OK,
/services/preventive/cleanings-exams,src/pages/services/preventive/cleanings-exams.astro,Request Appointment,/patients/book,INTERNAL,🔴 BROKEN – NO PAGE,
/services/preventive/cleanings-exams,src/pages/services/preventive/cleanings-exams.astro,306.374.7272,tel:+13063747272,PHONE,✅ OK,
/services/preventive/cleanings-exams,src/pages/services/preventive/cleanings-exams.astro,Request an Appointment,/patients/book,INTERNAL,🔴 BROKEN – NO PAGE,
/services/preventive/cleanings-exams,src/pages/services/preventive/cleanings-exams.astro,Contact Us,/contact,INTERNAL,✅ OK,
/services/preventive/cleanings-exams,src/pages/services/preventive/cleanings-exams.astro,{svc.name},{svc.href},DYNAMIC,⚠️ DYNAMIC – SEE NAV DATA,Dynamic href – resolved via data array
/services/preventive/comfort,src/pages/services/preventive/comfort.astro,Home,/,INTERNAL,✅ OK,
/services/preventive/comfort,src/pages/services/preventive/comfort.astro,Services,/services,INTERNAL,✅ OK,
/services/preventive/comfort,src/pages/services/preventive/comfort.astro,Preventive Dentistry,/services/preventive,INTERNAL,✅ OK,
/services/preventive/comfort,src/pages/services/preventive/comfort.astro,Request Appointment,/patients/book,INTERNAL,🔴 BROKEN – NO PAGE,
/services/preventive/comfort,src/pages/services/preventive/comfort.astro,306.374.7272,tel:+13063747272,PHONE,✅ OK,
/services/preventive/comfort,src/pages/services/preventive/comfort.astro,Request an Appointment,/patients/book,INTERNAL,🔴 BROKEN – NO PAGE,
/services/preventive/comfort,src/pages/services/preventive/comfort.astro,Contact Us,/contact,INTERNAL,✅ OK,
/services/preventive/comfort,src/pages/services/preventive/comfort.astro,{svc.name},{svc.href},DYNAMIC,⚠️ DYNAMIC – SEE NAV DATA,Dynamic href – resolved via data array
/services/preventive/fluoride,src/pages/services/preventive/fluoride.astro,Home,/,INTERNAL,✅ OK,
/services/preventive/fluoride,src/pages/services/preventive/fluoride.astro,Services,/services,INTERNAL,✅ OK,
/services/preventive/fluoride,src/pages/services/preventive/fluoride.astro,Preventive,/services/preventive,INTERNAL,✅ OK,
/services/preventive/fluoride,src/pages/services/preventive/fluoride.astro,Request Appointment,/patients/book,INTERNAL,🔴 BROKEN – NO PAGE,
/services/preventive/fluoride,src/pages/services/preventive/fluoride.astro,306.374.7272,tel:+13063747272,PHONE,✅ OK,
/services/preventive/fluoride,src/pages/services/preventive/fluoride.astro,Request an Appointment,/patients/book,INTERNAL,🔴 BROKEN – NO PAGE,
/services/preventive/fluoride,src/pages/services/preventive/fluoride.astro,Contact Us,/contact,INTERNAL,✅ OK,
/services/preventive/fluoride,src/pages/services/preventive/fluoride.astro,{svc.name},{svc.href},DYNAMIC,⚠️ DYNAMIC – SEE NAV DATA,Dynamic href – resolved via data array
/services/preventive/guards,src/pages/services/preventive/guards.astro,Home,/,INTERNAL,✅ OK,
/services/preventive/guards,src/pages/services/preventive/guards.astro,Services,/services,INTERNAL,✅ OK,
/services/preventive/guards,src/pages/services/preventive/guards.astro,Preventive Dentistry,/services/preventive,INTERNAL,✅ OK,
/services/preventive/guards,src/pages/services/preventive/guards.astro,Request Appointment,/patients/book,INTERNAL,🔴 BROKEN – NO PAGE,
/services/preventive/guards,src/pages/services/preventive/guards.astro,306.374.7272,tel:+13063747272,PHONE,✅ OK,
/services/preventive/guards,src/pages/services/preventive/guards.astro,Request an Appointment,/patients/book,INTERNAL,🔴 BROKEN – NO PAGE,
/services/preventive/guards,src/pages/services/preventive/guards.astro,Contact Us,/contact,INTERNAL,✅ OK,
/services/preventive/guards,src/pages/services/preventive/guards.astro,{svc.name},{svc.href},DYNAMIC,⚠️ DYNAMIC – SEE NAV DATA,Dynamic href – resolved via data array
/services/preventive,src/pages/services/preventive/index.astro,Home,/,INTERNAL,✅ OK,
/services/preventive,src/pages/services/preventive/index.astro,Services,/services,INTERNAL,✅ OK,
/services/preventive,src/pages/services/preventive/index.astro,306.374.7272,tel:+13063747272,PHONE,✅ OK,
/services/preventive,src/pages/services/preventive/index.astro,Request an Appointment,/book,INTERNAL,✅ OK,
/services/preventive,src/pages/services/preventive/index.astro,Contact Us,/contact,INTERNAL,✅ OK,
/services/preventive,src/pages/services/preventive/index.astro,Learn More,{svc.href},DYNAMIC,⚠️ DYNAMIC – SEE NAV DATA,Dynamic href – resolved via data array
/services/preventive/nutrition,src/pages/services/preventive/nutrition.astro,Home,/,INTERNAL,✅ OK,
/services/preventive/nutrition,src/pages/services/preventive/nutrition.astro,Services,/services,INTERNAL,✅ OK,
/services/preventive/nutrition,src/pages/services/preventive/nutrition.astro,Preventive,/services/preventive,INTERNAL,✅ OK,
/services/preventive/nutrition,src/pages/services/preventive/nutrition.astro,Request Appointment,/book,INTERNAL,✅ OK,
/services/preventive/nutrition,src/pages/services/preventive/nutrition.astro,306.374.7272,tel:+13063747272,PHONE,✅ OK,
/services/preventive/nutrition,src/pages/services/preventive/nutrition.astro,Request an Appointment,/book,INTERNAL,✅ OK,
/services/preventive/nutrition,src/pages/services/preventive/nutrition.astro,Contact Us,/contact,INTERNAL,✅ OK,
/services/preventive/nutrition,src/pages/services/preventive/nutrition.astro,{svc.name},{svc.href},DYNAMIC,⚠️ DYNAMIC – SEE NAV DATA,Dynamic href – resolved via data array
/services/preventive/sealants,src/pages/services/preventive/sealants.astro,Home,/,INTERNAL,✅ OK,
/services/preventive/sealants,src/pages/services/preventive/sealants.astro,Services,/services,INTERNAL,✅ OK,
/services/preventive/sealants,src/pages/services/preventive/sealants.astro,Preventive,/services/preventive,INTERNAL,✅ OK,
/services/preventive/sealants,src/pages/services/preventive/sealants.astro,Request Appointment,/patients/book,INTERNAL,🔴 BROKEN – NO PAGE,
/services/preventive/sealants,src/pages/services/preventive/sealants.astro,306.374.7272,tel:+13063747272,PHONE,✅ OK,
/services/preventive/sealants,src/pages/services/preventive/sealants.astro,Request an Appointment,/patients/book,INTERNAL,🔴 BROKEN – NO PAGE,
/services/preventive/sealants,src/pages/services/preventive/sealants.astro,Contact Us,/contact,INTERNAL,✅ OK,
/services/preventive/sealants,src/pages/services/preventive/sealants.astro,{svc.name},{svc.href},DYNAMIC,⚠️ DYNAMIC – SEE NAV DATA,Dynamic href – resolved via data array
/services/restorative/crowns-bridges,src/pages/services/restorative/crowns-bridges.astro,Home,/,INTERNAL,✅ OK,
/services/restorative/crowns-bridges,src/pages/services/restorative/crowns-bridges.astro,Services,/services,INTERNAL,✅ OK,
/services/restorative/crowns-bridges,src/pages/services/restorative/crowns-bridges.astro,Restorative,/services/restorative,INTERNAL,✅ OK,
/services/restorative/crowns-bridges,src/pages/services/restorative/crowns-bridges.astro,Request Appointment,/book,INTERNAL,✅ OK,
/services/restorative/crowns-bridges,src/pages/services/restorative/crowns-bridges.astro,306.374.7272,tel:+13063747272,PHONE,✅ OK,
/services/restorative/crowns-bridges,src/pages/services/restorative/crowns-bridges.astro,Fillings,/services/restorative/fillings,INTERNAL,✅ OK,
/services/restorative/crowns-bridges,src/pages/services/restorative/crowns-bridges.astro,Dentures,/services/restorative/dentures,INTERNAL,✅ OK,
/services/restorative/crowns-bridges,src/pages/services/restorative/crowns-bridges.astro,Request an Appointment,/book,INTERNAL,✅ OK,
/services/restorative/crowns-bridges,src/pages/services/restorative/crowns-bridges.astro,Contact Us,/contact,INTERNAL,✅ OK,
/services/restorative/dentures,src/pages/services/restorative/dentures.astro,Home,/,INTERNAL,✅ OK,
/services/restorative/dentures,src/pages/services/restorative/dentures.astro,Services,/services,INTERNAL,✅ OK,
/services/restorative/dentures,src/pages/services/restorative/dentures.astro,Restorative,/services/restorative,INTERNAL,✅ OK,
/services/restorative/dentures,src/pages/services/restorative/dentures.astro,Learn about dental implants,/services/restorative/implants,INTERNAL,🔴 BROKEN – NO PAGE,
/services/restorative/dentures,src/pages/services/restorative/dentures.astro,Request Appointment,/patients/book,INTERNAL,🔴 BROKEN – NO PAGE,
/services/restorative/dentures,src/pages/services/restorative/dentures.astro,306.374.7272,tel:+13063747272,PHONE,✅ OK,
/services/restorative/dentures,src/pages/services/restorative/dentures.astro,Fillings,/services/restorative/fillings,INTERNAL,✅ OK,
/services/restorative/dentures,src/pages/services/restorative/dentures.astro,Bridges,/services/restorative/bridges,INTERNAL,🔴 BROKEN – NO PAGE,
/services/restorative/dentures,src/pages/services/restorative/dentures.astro,Crowns,/services/restorative/crowns,INTERNAL,🔴 BROKEN – NO PAGE,
/services/restorative/dentures,src/pages/services/restorative/dentures.astro,Dentures,/services/restorative/dentures,INTERNAL,✅ OK,
/services/restorative/dentures,src/pages/services/restorative/dentures.astro,Implants,/services/restorative/implants,INTERNAL,🔴 BROKEN – NO PAGE,
/services/restorative/dentures,src/pages/services/restorative/dentures.astro,Root Canal Treatment,/services/restorative/root-canal,INTERNAL,🔴 BROKEN – NO PAGE,
/services/restorative/dentures,src/pages/services/restorative/dentures.astro,Request an Appointment,/patients/book,INTERNAL,🔴 BROKEN – NO PAGE,
/services/restorative/dentures,src/pages/services/restorative/dentures.astro,Contact Us,/contact,INTERNAL,✅ OK,
/services/restorative/fillings,src/pages/services/restorative/fillings.astro,Home,/,INTERNAL,✅ OK,
/services/restorative/fillings,src/pages/services/restorative/fillings.astro,Services,/services,INTERNAL,✅ OK,
/services/restorative/fillings,src/pages/services/restorative/fillings.astro,Restorative,/services/restorative,INTERNAL,✅ OK,
/services/restorative/fillings,src/pages/services/restorative/fillings.astro,Request Appointment,/patients/book,INTERNAL,🔴 BROKEN – NO PAGE,
/services/restorative/fillings,src/pages/services/restorative/fillings.astro,306.374.7272,tel:+13063747272,PHONE,✅ OK,
/services/restorative/fillings,src/pages/services/restorative/fillings.astro,Fillings,/services/restorative/fillings,INTERNAL,✅ OK,
/services/restorative/fillings,src/pages/services/restorative/fillings.astro,Bridges,/services/restorative/bridges,INTERNAL,🔴 BROKEN – NO PAGE,
/services/restorative/fillings,src/pages/services/restorative/fillings.astro,Crowns,/services/restorative/crowns,INTERNAL,🔴 BROKEN – NO PAGE,
/services/restorative/fillings,src/pages/services/restorative/fillings.astro,Dentures,/services/restorative/dentures,INTERNAL,✅ OK,
/services/restorative/fillings,src/pages/services/restorative/fillings.astro,Implants,/services/restorative/implants,INTERNAL,🔴 BROKEN – NO PAGE,
/services/restorative/fillings,src/pages/services/restorative/fillings.astro,Root Canal Treatment,/services/restorative/root-canal,INTERNAL,🔴 BROKEN – NO PAGE,
/services/restorative/fillings,src/pages/services/restorative/fillings.astro,Request an Appointment,/patients/book,INTERNAL,🔴 BROKEN – NO PAGE,
/services/restorative/fillings,src/pages/services/restorative/fillings.astro,Contact Us,/contact,INTERNAL,✅ OK,
/services/restorative,src/pages/services/restorative/index.astro,Home,/,INTERNAL,✅ OK,
/services/restorative,src/pages/services/restorative/index.astro,Services,/services,INTERNAL,✅ OK,
/services/restorative,src/pages/services/restorative/index.astro,Schedule an Appointment,/book,INTERNAL,✅ OK,
/services/restorative,src/pages/services/restorative/index.astro,306.374.7272,tel:+13063747272,PHONE,✅ OK,
/services/restorative,src/pages/services/restorative/index.astro,Request an Appointment,/book,INTERNAL,✅ OK,
/services/restorative,src/pages/services/restorative/index.astro,Contact Us,/contact,INTERNAL,✅ OK,
/services/restorative,src/pages/services/restorative/index.astro,Learn More,{svc.href},DYNAMIC,⚠️ DYNAMIC – SEE NAV DATA,Dynamic href – resolved via data array
/services/restorative/inlays-onlays,src/pages/services/restorative/inlays-onlays.astro,Home,/,INTERNAL,✅ OK,
/services/restorative/inlays-onlays,src/pages/services/restorative/inlays-onlays.astro,Services,/services,INTERNAL,✅ OK,
/services/restorative/inlays-onlays,src/pages/services/restorative/inlays-onlays.astro,Restorative,/services/restorative,INTERNAL,✅ OK,
/services/restorative/inlays-onlays,src/pages/services/restorative/inlays-onlays.astro,Request Appointment,/book,INTERNAL,✅ OK,
/services/restorative/inlays-onlays,src/pages/services/restorative/inlays-onlays.astro,306.374.7272,tel:+13063747272,PHONE,✅ OK,
/services/restorative/inlays-onlays,src/pages/services/restorative/inlays-onlays.astro,Request an Appointment,/book,INTERNAL,✅ OK,
/services/restorative/inlays-onlays,src/pages/services/restorative/inlays-onlays.astro,Contact Us,/contact,INTERNAL,✅ OK,
/services/restorative/inlays-onlays,src/pages/services/restorative/inlays-onlays.astro,{svc.name},{svc.href},DYNAMIC,⚠️ DYNAMIC – SEE NAV DATA,Dynamic href – resolved via data array
/services/tmj/bite-correction,src/pages/services/tmj/bite-correction.astro,Home,/,INTERNAL,✅ OK,
/services/tmj/bite-correction,src/pages/services/tmj/bite-correction.astro,Services,/services,INTERNAL,✅ OK,
/services/tmj/bite-correction,src/pages/services/tmj/bite-correction.astro,TMJ / TMD Therapy,/services/tmj,INTERNAL,✅ OK,
/services/tmj/bite-correction,src/pages/services/tmj/bite-correction.astro,clear aligners,/services/orthodontics/invisalign,INTERNAL,✅ OK,
/services/tmj/bite-correction,src/pages/services/tmj/bite-correction.astro,Book a Consultation,/patients/book,INTERNAL,🔴 BROKEN – NO PAGE,
/services/tmj/bite-correction,src/pages/services/tmj/bite-correction.astro,306.374.7272,tel:+13063747272,PHONE,✅ OK,
/services/tmj/bite-correction,src/pages/services/tmj/bite-correction.astro,Contact Us,/contact,INTERNAL,✅ OK,
/services/tmj/bite-correction,src/pages/services/tmj/bite-correction.astro,{svc.name},{svc.href},DYNAMIC,⚠️ DYNAMIC – SEE NAV DATA,Dynamic href – resolved via data array
/services/tmj/botox,src/pages/services/tmj/botox.astro,Home,/,INTERNAL,✅ OK,
/services/tmj/botox,src/pages/services/tmj/botox.astro,Services,/services,INTERNAL,✅ OK,
/services/tmj/botox,src/pages/services/tmj/botox.astro,TMJ &amp; Jaw,/services/tmj,INTERNAL,✅ OK,
/services/tmj/botox,src/pages/services/tmj/botox.astro,Request Appointment,/book,INTERNAL,✅ OK,
/services/tmj/botox,src/pages/services/tmj/botox.astro,306.374.7272,tel:+13063747272,PHONE,✅ OK,
/services/tmj/botox,src/pages/services/tmj/botox.astro,Request an Appointment,/book,INTERNAL,✅ OK,
/services/tmj/botox,src/pages/services/tmj/botox.astro,Contact Us,/contact,INTERNAL,✅ OK,
/services/tmj/botox,src/pages/services/tmj/botox.astro,{svc.name},{svc.href},DYNAMIC,⚠️ DYNAMIC – SEE NAV DATA,Dynamic href – resolved via data array
/services/tmj/diagnosis,src/pages/services/tmj/diagnosis.astro,Home,/,INTERNAL,✅ OK,
/services/tmj/diagnosis,src/pages/services/tmj/diagnosis.astro,Services,/services,INTERNAL,✅ OK,
/services/tmj/diagnosis,src/pages/services/tmj/diagnosis.astro,TMJ &amp; Jaw,/services/tmj,INTERNAL,✅ OK,
/services/tmj/diagnosis,src/pages/services/tmj/diagnosis.astro,Request Appointment,/book,INTERNAL,✅ OK,
/services/tmj/diagnosis,src/pages/services/tmj/diagnosis.astro,306.374.7272,tel:+13063747272,PHONE,✅ OK,
/services/tmj/diagnosis,src/pages/services/tmj/diagnosis.astro,Request an Appointment,/book,INTERNAL,✅ OK,
/services/tmj/diagnosis,src/pages/services/tmj/diagnosis.astro,Contact Us,/contact,INTERNAL,✅ OK,
/services/tmj/diagnosis,src/pages/services/tmj/diagnosis.astro,{svc.name},{svc.href},DYNAMIC,⚠️ DYNAMIC – SEE NAV DATA,Dynamic href – resolved via data array
/services/tmj,src/pages/services/tmj/index.astro,Home,/,INTERNAL,✅ OK,
/services/tmj,src/pages/services/tmj/index.astro,Services,/services,INTERNAL,✅ OK,
/services/tmj,src/pages/services/tmj/index.astro,Request Appointment,/book,INTERNAL,✅ OK,
/services/tmj,src/pages/services/tmj/index.astro,306.374.7272,tel:+13063747272,PHONE,✅ OK,
/services/tmj,src/pages/services/tmj/index.astro,Request an Appointment,/book,INTERNAL,✅ OK,
/services/tmj,src/pages/services/tmj/index.astro,Contact Us,/contact,INTERNAL,✅ OK,
/services/tmj,src/pages/services/tmj/index.astro,Learn More,{svc.href},DYNAMIC,⚠️ DYNAMIC – SEE NAV DATA,Dynamic href – resolved via data array
/services/tmj,src/pages/services/tmj/index.astro,{svc.name},{svc.href},DYNAMIC,⚠️ DYNAMIC – SEE NAV DATA,Dynamic href – resolved via data array
/services/tmj/night-guards,src/pages/services/tmj/night-guards.astro,Home,/,INTERNAL,✅ OK,
/services/tmj/night-guards,src/pages/services/tmj/night-guards.astro,Services,/services,INTERNAL,✅ OK,
/services/tmj/night-guards,src/pages/services/tmj/night-guards.astro,TMJ / TMD Therapy,/services/tmj,INTERNAL,✅ OK,
/services/tmj/night-guards,src/pages/services/tmj/night-guards.astro,Request Appointment,/patients/book,INTERNAL,🔴 BROKEN – NO PAGE,
/services/tmj/night-guards,src/pages/services/tmj/night-guards.astro,306.374.7272,tel:+13063747272,PHONE,✅ OK,
/services/tmj/night-guards,src/pages/services/tmj/night-guards.astro,Request an Appointment,/patients/book,INTERNAL,🔴 BROKEN – NO PAGE,
/services/tmj/night-guards,src/pages/services/tmj/night-guards.astro,Contact Us,/contact,INTERNAL,✅ OK,
/services/tmj/night-guards,src/pages/services/tmj/night-guards.astro,{svc.name},{svc.href},DYNAMIC,⚠️ DYNAMIC – SEE NAV DATA,Dynamic href – resolved via data array
/services/tmj/sleep-apnea,src/pages/services/tmj/sleep-apnea.astro,Home,/,INTERNAL,✅ OK,
/services/tmj/sleep-apnea,src/pages/services/tmj/sleep-apnea.astro,Services,/services,INTERNAL,✅ OK,
/services/tmj/sleep-apnea,src/pages/services/tmj/sleep-apnea.astro,TMJ,/services/tmj,INTERNAL,✅ OK,
/services/tmj/sleep-apnea,src/pages/services/tmj/sleep-apnea.astro,Request Appointment,/book,INTERNAL,✅ OK,
/services/tmj/sleep-apnea,src/pages/services/tmj/sleep-apnea.astro,306.374.7272,tel:+13063747272,PHONE,✅ OK,
/services/tmj/sleep-apnea,src/pages/services/tmj/sleep-apnea.astro,Request an Appointment,/book,INTERNAL,✅ OK,
/services/tmj/sleep-apnea,src/pages/services/tmj/sleep-apnea.astro,Contact Us,/contact,INTERNAL,✅ OK,
/services/tmj/sleep-apnea,src/pages/services/tmj/sleep-apnea.astro,{svc.name},{svc.href},DYNAMIC,⚠️ DYNAMIC – SEE NAV DATA,Dynamic href – resolved via data array
/terms,src/pages/terms.astro,Home,/,INTERNAL,✅ OK,
/terms,src/pages/terms.astro,306.374.7272,tel:+13063747272,PHONE,✅ OK,
/terms,src/pages/terms.astro,Privacy Policy,/privacy,INTERNAL,✅ OK,
/terms,src/pages/terms.astro,reception@wildwooddentalclinic.com,mailto:reception@wildwooddentalclinic.com,EMAIL,✅ OK,
/terms,src/pages/terms.astro,Contact Us,/contact,INTERNAL,✅ OK,
Component: Header,src/components/Header.astro,BOOK NOW,/book,INTERNAL,✅ OK,Inline anchor (not from data array)
Component: Header,src/components/Header.astro,306.374.7272,tel:+13063747272,PHONE,✅ OK,Inline anchor (not from data array)
Component: Header,src/components/Header.astro,(no text),/,INTERNAL,✅ OK,Inline anchor (not from data array)
Component: Header,src/components/Header.astro,About Wildwood,/about/our-clinic,INTERNAL,✅ OK,Inline anchor (not from data array)
Component: Header,src/components/Header.astro,New Patients,/new-patients,INTERNAL,✅ OK,Inline anchor (not from data array)
Component: Header,src/components/Header.astro,Existing Patients,/existing-patients,INTERNAL,✅ OK,Inline anchor (not from data array)
Component: Header,src/components/Header.astro,Request Appointment,/book,INTERNAL,✅ OK,Inline anchor (not from data array)
Component: Header,src/components/Header.astro,Request an appointment,/book,INTERNAL,✅ OK,Inline anchor (not from data array)
Component: Header,src/components/Header.astro,306.374.7272 Tap to call,tel:+13063747272,PHONE,✅ OK,Inline anchor (not from data array)
Component: Footer,src/components/Footer.astro,(no text),https://www.facebook.com/WildwoodDentalClinic,EXTERNAL,⚠️ EXTERNAL – VERIFY,Inline anchor (not from data array)
Component: Footer,src/components/Footer.astro,(no text),https://www.instagram.com/wildwooddentalclinic.sask/,EXTERNAL,⚠️ EXTERNAL – VERIFY,Inline anchor (not from data array)
Component: Footer,src/components/Footer.astro,(no text),https://share.google/tBUCH3KsjPqnNPytZ,EXTERNAL,⚠️ EXTERNAL – VERIFY,Inline anchor (not from data array)
Component: Footer,src/components/Footer.astro,(no text),/,INTERNAL,✅ OK,Inline anchor (not from data array)